Using pre-set license
Built from '2020.3/staging' branch; Version is '2020.3.19f1 (68f137dc9bbe) revision 6877495'; Using compiler version '192528614'; Build Type 'Release'
OS: 'Windows 10 Home; OS build 26100.6584; Version 2009; 64bit' Language: 'es' Physical Memory: 12125 MB
BatchMode: 1, IsHumanControllingUs: 0, StartBugReporterOnCrash: 0, Is64bit: 1, IsPro: 0

COMMAND LINE ARGUMENTS:
C:\Program Files\Unity\Hub\Editor\2020.3.19f1\Editor\Unity.exe
-adb2
-batchMode
-noUpm
-name
AssetImportWorker2
-projectPath
C:/Users/manuc/Documents/JNBE
-logFile
Logs/AssetImportWorker2.log
-srvPort
56199
Successfully changed project path to: C:/Users/manuc/Documents/JNBE
C:/Users/manuc/Documents/JNBE
Using Asset Import Pipeline V2.
Refreshing native plugins compatible for Editor in 118.76 ms, found 2 plugins.
Preloading 0 native plugins for Editor in 0.00 ms.
Initialize engine version: 2020.3.19f1 (68f137dc9bbe)
[Subsystems] Discovering subsystems at path C:/Program Files/Unity/Hub/Editor/2020.3.19f1/Editor/Data/Resources/UnitySubsystems
[Subsystems] Discovering subsystems at path C:/Users/manuc/Documents/JNBE/Assets
GfxDevice: creating device client; threaded=0
Direct3D:
    Version:  Direct3D 11.0 [level 11.1]
    Renderer: NVIDIA GeForce GTX 1650 (ID=0x1f91)
    Vendor:   
    VRAM:     3935 MB
    Driver:   32.0.15.8097
Initialize mono
Mono path[0] = 'C:/Program Files/Unity/Hub/Editor/2020.3.19f1/Editor/Data/Managed'
Mono path[1] = 'C:/Program Files/Unity/Hub/Editor/2020.3.19f1/Editor/Data/MonoBleedingEdge/lib/mono/unityjit'
Mono config path = 'C:/Program Files/Unity/Hub/Editor/2020.3.19f1/Editor/Data/MonoBleedingEdge/etc'
Using monoOptions --debugger-agent=transport=dt_socket,embedding=1,server=y,suspend=n,address=127.0.0.1:56140
Begin MonoManager ReloadAssembly
Registering precompiled unity dll's ...
Register platform support module: C:/Program Files/Unity/Hub/Editor/2020.3.19f1/Editor/Data/PlaybackEngines/WindowsStandaloneSupport/UnityEditor.WindowsStandalone.Extensions.dll
Registered in 0.003331 seconds.
Native extension for WindowsStandalone target not found
Refreshing native plugins compatible for Editor in 118.54 ms, found 2 plugins.
Preloading 0 native plugins for Editor in 0.00 ms.
Mono: successfully reloaded assembly
- Completed reload, in  2.062 seconds
Domain Reload Profiling:
	ReloadAssembly (2063ms)
		BeginReloadAssembly (90ms)
			ExecutionOrderSort (0ms)
			DisableScriptedObjects (0ms)
			BackupInstance (0ms)
			ReleaseScriptingObjects (0ms)
			CreateAndSetChildDomain (1ms)
		EndReloadAssembly (696ms)
			LoadAssemblies (85ms)
			RebuildTransferFunctionScriptingTraits (0ms)
			SetupTypeCache (227ms)
			ReleaseScriptCaches (0ms)
			RebuildScriptCaches (48ms)
			SetupLoadedEditorAssemblies (305ms)
				LogAssemblyErrors (0ms)
				InitializePlatformSupportModulesInManaged (5ms)
				SetLoadedEditorAssemblies (0ms)
				RefreshPlugins (119ms)
				BeforeProcessingInitializeOnLoad (20ms)
				ProcessInitializeOnLoadAttributes (118ms)
				ProcessInitializeOnLoadMethodAttributes (42ms)
				AfterProcessingInitializeOnLoad (0ms)
				EditorAssembliesLoaded (0ms)
			ExecutionOrderSort2 (0ms)
			AwakeInstancesAfterBackupRestoration (0ms)
Platform modules already initialized, skipping
Registering precompiled user dll's ...
Registered in 0.008074 seconds.
Begin MonoManager ReloadAssembly
Native extension for WindowsStandalone target not found
Refreshing native plugins compatible for Editor in 116.18 ms, found 2 plugins.
Preloading 0 native plugins for Editor in 0.00 ms.
Mono: successfully reloaded assembly
- Completed reload, in 15.082 seconds
Domain Reload Profiling:
	ReloadAssembly (15095ms)
		BeginReloadAssembly (299ms)
			ExecutionOrderSort (0ms)
			DisableScriptedObjects (9ms)
			BackupInstance (0ms)
			ReleaseScriptingObjects (0ms)
			CreateAndSetChildDomain (32ms)
		EndReloadAssembly (14653ms)
			LoadAssemblies (13153ms)
			RebuildTransferFunctionScriptingTraits (0ms)
			SetupTypeCache (519ms)
			ReleaseScriptCaches (1ms)
			RebuildScriptCaches (95ms)
			SetupLoadedEditorAssemblies (698ms)
				LogAssemblyErrors (0ms)
				InitializePlatformSupportModulesInManaged (5ms)
				SetLoadedEditorAssemblies (0ms)
				RefreshPlugins (116ms)
				BeforeProcessingInitializeOnLoad (179ms)
				ProcessInitializeOnLoadAttributes (378ms)
				ProcessInitializeOnLoadMethodAttributes (7ms)
				AfterProcessingInitializeOnLoad (12ms)
				EditorAssembliesLoaded (0ms)
			ExecutionOrderSort2 (0ms)
			AwakeInstancesAfterBackupRestoration (10ms)
Platform modules already initialized, skipping
========================================================================
Worker process is ready to serve import requests
Launched and connected shader compiler UnityShaderCompiler.exe after 0.16 seconds
Refreshing native plugins compatible for Editor in 1.18 ms, found 2 plugins.
Preloading 0 native plugins for Editor in 0.00 ms.
Unloading 3599 Unused Serialized files (Serialized files now loaded: 0)
System memory in use before: 251.2 MB.
System memory in use after: 251.4 MB.

Unloading 19 unused Assets to reduce memory usage. Loaded Objects now: 4071.
Total: 5.615100 ms (FindLiveObjects: 0.759000 ms CreateObjectMapping: 0.387800 ms MarkObjects: 4.420900 ms  DeleteObjects: 0.045400 ms)

AssetImportParameters requested are different than current active one (requested -> active):
  custom:framework-win-MediaFoundation: 216162199b28c13a410421893ffa2e32 -> 
  custom:video-decoder-ogg-theora: a1e56fd34408186e4bbccfd4996cb3dc -> 
  custom:container-muxer-webm: aa71ff27fc2769a1b78a27578f13a17b -> 
  custom:container-demuxer-webm: 4f35f7cbe854078d1ac9338744f61a02 -> 
  custom:container-demuxer-ogg: 62fdf1f143b41e24485cea50d1cbac27 -> 
  custom:video-encoder-webm-vp8: eb34c28f22e8b96e1ab97ce403110664 -> 
  custom:video-decoder-webm-vp8: 9c59270c3fd7afecdb556c50c9e8de78 -> 
  custom:audio-decoder-ogg-vorbis: bf7c407c2cedff20999df2af8eb42d56 -> 
  custom:audio-encoder-webm-vorbis: bf7c407c2cedff20999df2af8eb42d56 -> 
========================================================================
Received Import Request.
  path: Assets/ThirdParty/Fonts
  artifactKey: Guid(f10bebea5853ec349b083241529b45dd) Importer(815301076,1909f56bfc062723c751e8b465ee728b)
Start importing Assets/ThirdParty/Fonts using Guid(f10bebea5853ec349b083241529b45dd) Importer(815301076,1909f56bfc062723c751e8b465ee728b)  -> (artifact id: 'b51252f4598e96e6fec8230ae413b488') in 0.021649 seconds 
  Import took 0.032491 seconds .

========================================================================
Received Import Request.
  Time since last request: 0.000499 seconds.
  path: Assets/ThirdParty/JMO Assets/Cartoon FX/CFX3 Prefabs/Magic Misc/CFX3_MagicAura_B_Runic.prefab
  artifactKey: Guid(60bc526f4be1e044ab9e46340b82ffb3) Importer(815301076,1909f56bfc062723c751e8b465ee728b)
Start importing Assets/ThirdParty/JMO Assets/Cartoon FX/CFX3 Prefabs/Magic Misc/CFX3_MagicAura_B_Runic.prefab using Guid(60bc526f4be1e044ab9e46340b82ffb3) Importer(815301076,1909f56bfc062723c751e8b465ee728b)  -> (artifact id: '7e3d01e8e51ab1abe4300b438c7b46f3') in 0.401116 seconds 
  Import took 0.411211 seconds .

========================================================================
Received Import Request.
  Time since last request: 0.000513 seconds.
  path: Assets/Player/Particles/InertiaParticles.prefab
  artifactKey: Guid(1905db7b1c2aff7409c7955cef1a3ceb) Importer(815301076,1909f56bfc062723c751e8b465ee728b)
Start importing Assets/Player/Particles/InertiaParticles.prefab using Guid(1905db7b1c2aff7409c7955cef1a3ceb) Importer(815301076,1909f56bfc062723c751e8b465ee728b)  -> (artifact id: 'af33c7f217c1a8d2c868b83218e60d6f') in 0.062565 seconds 
  Import took 0.072047 seconds .

========================================================================
Received Import Request.
  Time since last request: 0.000467 seconds.
  path: Assets/ThirdParty/JMO Assets/Cartoon FX/CFX3 Prefabs/Magic Misc/CFX3_MagicAura_D_Runic.prefab
  artifactKey: Guid(e3d819d8722fa1f47a3f68574b56dfb3) Importer(815301076,1909f56bfc062723c751e8b465ee728b)
Start importing Assets/ThirdParty/JMO Assets/Cartoon FX/CFX3 Prefabs/Magic Misc/CFX3_MagicAura_D_Runic.prefab using Guid(e3d819d8722fa1f47a3f68574b56dfb3) Importer(815301076,1909f56bfc062723c751e8b465ee728b)  -> (artifact id: '277c072fcfc56f7d7e0753d27704f748') in 0.037607 seconds 
  Import took 0.048041 seconds .

========================================================================
Received Import Request.
  Time since last request: 0.000488 seconds.
  path: Assets/Player/Particles/DashParticles.prefab
  artifactKey: Guid(5ccf1c5dad2d50243806f3fcbef0f6e0) Importer(815301076,1909f56bfc062723c751e8b465ee728b)
Start importing Assets/Player/Particles/DashParticles.prefab using Guid(5ccf1c5dad2d50243806f3fcbef0f6e0) Importer(815301076,1909f56bfc062723c751e8b465ee728b)  -> (artifact id: '1ec63d60f28be9db3276ec581659c29f') in 0.039051 seconds 
  Import took 0.049537 seconds .

========================================================================
Received Import Request.
  Time since last request: 0.000520 seconds.
  path: Assets/ThirdParty/TextMesh Pro
  artifactKey: Guid(b2291504dd50a734f82f80d97fc2361e) Importer(815301076,1909f56bfc062723c751e8b465ee728b)
Start importing Assets/ThirdParty/TextMesh Pro using Guid(b2291504dd50a734f82f80d97fc2361e) Importer(815301076,1909f56bfc062723c751e8b465ee728b)  -> (artifact id: '425d70d474e33cb19150c2dfa56d4fa7') in 0.016988 seconds 
  Import took 0.027266 seconds .

========================================================================
Received Import Request.
  Time since last request: 0.000530 seconds.
  path: Assets/ThirdParty/ImportedAssets
  artifactKey: Guid(d6c4946bd3ab5ee41b5b4f15c991e0ae) Importer(815301076,1909f56bfc062723c751e8b465ee728b)
Start importing Assets/ThirdParty/ImportedAssets using Guid(d6c4946bd3ab5ee41b5b4f15c991e0ae) Importer(815301076,1909f56bfc062723c751e8b465ee728b)  -> (artifact id: '54fb5b94e6d055775501bb027cf65a67') in 0.019464 seconds 
  Import took 0.029665 seconds .

========================================================================
Received Import Request.
  Time since last request: 0.000446 seconds.
  path: Assets/ThirdParty/JMO Assets/Cartoon FX/Textures/CFX3_T_AuraRunic.png
  artifactKey: Guid(d14d0e475cccac4459575f61f2a79a70) Importer(815301076,1909f56bfc062723c751e8b465ee728b)
Start importing Assets/ThirdParty/JMO Assets/Cartoon FX/Textures/CFX3_T_AuraRunic.png using Guid(d14d0e475cccac4459575f61f2a79a70) Importer(815301076,1909f56bfc062723c751e8b465ee728b)  -> (artifact id: '610c081de5eaeae990672e9f8c2e9ec4') in 0.184581 seconds 
  Import took 0.194950 seconds .

========================================================================
Received Import Request.
  Time since last request: 0.000467 seconds.
  path: Assets/UI/Menus/MainMenu/Market/sprites/run icon.png
  artifactKey: Guid(0143d2ac09db43b448c9e5dddd4a5d72) Importer(815301076,1909f56bfc062723c751e8b465ee728b)
Start importing Assets/UI/Menus/MainMenu/Market/sprites/run icon.png using Guid(0143d2ac09db43b448c9e5dddd4a5d72) Importer(815301076,1909f56bfc062723c751e8b465ee728b)  -> (artifact id: 'af51cbf60f6e73afa72dee1dc66c71ed') in 0.052827 seconds 
  Import took 0.063527 seconds .

========================================================================
Received Import Request.
  Time since last request: 0.000451 seconds.
  path: Assets/ThirdParty/JMO Assets/Cartoon FX/Materials/Light/CFX3_SmallRay ADDSOFT.mat
  artifactKey: Guid(d9f8ab332ba6f4a45bd1913a9ff33b10) Importer(815301076,1909f56bfc062723c751e8b465ee728b)
Start importing Assets/ThirdParty/JMO Assets/Cartoon FX/Materials/Light/CFX3_SmallRay ADDSOFT.mat using Guid(d9f8ab332ba6f4a45bd1913a9ff33b10) Importer(815301076,1909f56bfc062723c751e8b465ee728b)  -> (artifact id: '25ac39ff7bfcb8cb8debbc60c6bbc48a') in 0.060792 seconds 
  Import took 0.070589 seconds .

========================================================================
Received Import Request.
  Time since last request: 0.000438 seconds.
  path: Assets/ThirdParty/JMO Assets/Cartoon FX/Materials/Light/CFX3_AuraRunic ADD.mat
  artifactKey: Guid(5bf91ad953f78d54baebb31d5f5ae4a5) Importer(815301076,1909f56bfc062723c751e8b465ee728b)
Start importing Assets/ThirdParty/JMO Assets/Cartoon FX/Materials/Light/CFX3_AuraRunic ADD.mat using Guid(5bf91ad953f78d54baebb31d5f5ae4a5) Importer(815301076,1909f56bfc062723c751e8b465ee728b)  -> (artifact id: '05ac202f4816a8a19e2c2da6f4b42911') in 0.033577 seconds 
  Import took 0.044242 seconds .

========================================================================
Received Import Request.
  Time since last request: 0.000440 seconds.
  path: Assets/UI/sprites/ShieldIndicator.png
  artifactKey: Guid(8f7ef27076666474abf9649b3500bbc0) Importer(815301076,1909f56bfc062723c751e8b465ee728b)
Start importing Assets/UI/sprites/ShieldIndicator.png using Guid(8f7ef27076666474abf9649b3500bbc0) Importer(815301076,1909f56bfc062723c751e8b465ee728b)  -> (artifact id: 'ceeed45e1c6cec1bb17018e278c9b65b') in 0.034935 seconds 
  Import took 0.044047 seconds .

========================================================================
Received Import Request.
  Time since last request: 19.820533 seconds.
  path: Assets/ThirdParty/ImportedAssets/shotgun/Materials/5_d.tga
  artifactKey: Guid(49bafc5fc3ea84a4a8adfafebea7ab2e) Importer(815301076,1909f56bfc062723c751e8b465ee728b)
Start importing Assets/ThirdParty/ImportedAssets/shotgun/Materials/5_d.tga using Guid(49bafc5fc3ea84a4a8adfafebea7ab2e) Importer(815301076,1909f56bfc062723c751e8b465ee728b)  -> (artifact id: 'a67a03e5b67ab3e157bee6322e14513d') in 0.056309 seconds 
  Import took 0.067556 seconds .

========================================================================
Received Import Request.
  Time since last request: 0.000427 seconds.
  path: Packages/com.unity.probuilder/Content/About/Images/Banner_Normal.png
  artifactKey: Guid(f65aa2ea5b9f142f79b8c7c07add93f0) Importer(815301076,1909f56bfc062723c751e8b465ee728b)
Start importing Packages/com.unity.probuilder/Content/About/Images/Banner_Normal.png using Guid(f65aa2ea5b9f142f79b8c7c07add93f0) Importer(815301076,1909f56bfc062723c751e8b465ee728b)  -> (artifact id: '9679d72f11bb1009548535321171aee2') in 0.049213 seconds 
  Import took 0.061213 seconds .

========================================================================
Received Import Request.
  Time since last request: 0.000407 seconds.
  path: Packages/com.unity.shadergraph/Editor/Resources/GraphView/Nodes/BlackboardFieldPillBackground.png
  artifactKey: Guid(56603bbe7a2b54640bbd90104bea4981) Importer(815301076,1909f56bfc062723c751e8b465ee728b)
Start importing Packages/com.unity.shadergraph/Editor/Resources/GraphView/Nodes/BlackboardFieldPillBackground.png using Guid(56603bbe7a2b54640bbd90104bea4981) Importer(815301076,1909f56bfc062723c751e8b465ee728b)  -> (artifact id: 'd34ec62789d0defbc42901ae2326eb78') in 0.044013 seconds 
  Import took 0.055333 seconds .

========================================================================
Received Import Request.
  Time since last request: 0.000433 seconds.
  path: Packages/com.unity.textmeshpro/Editor Resources/Textures/btn_AlignLeft.psd
  artifactKey: Guid(9288066c33474b94b6ee5465f4df1cc0) Importer(815301076,1909f56bfc062723c751e8b465ee728b)
Start importing Packages/com.unity.textmeshpro/Editor Resources/Textures/btn_AlignLeft.psd using Guid(9288066c33474b94b6ee5465f4df1cc0) Importer(815301076,1909f56bfc062723c751e8b465ee728b)  -> (artifact id: '20637b8c32ac86802d51789195c396a0') in 0.049309 seconds 
  Import took 0.059630 seconds .

========================================================================
Received Import Request.
  Time since last request: 0.000338 seconds.
  path: Packages/com.unity.shadergraph/Editor/Resources/GraphView/Nodes/BlackboardFieldExposed.png
  artifactKey: Guid(2e8113252e9a1b245a81dc384ae86446) Importer(815301076,1909f56bfc062723c751e8b465ee728b)
Start importing Packages/com.unity.shadergraph/Editor/Resources/GraphView/Nodes/BlackboardFieldExposed.png using Guid(2e8113252e9a1b245a81dc384ae86446) Importer(815301076,1909f56bfc062723c751e8b465ee728b)  -> (artifact id: '796e96aa01c7ec428e121c75b44b6494') in 0.039081 seconds 
  Import took 0.049067 seconds .

========================================================================
Received Import Request.
  Time since last request: 0.000345 seconds.
  path: Packages/com.unity.probuilder/Content/Icons/Toolbar/Background/AccentBar_Bottom.png
  artifactKey: Guid(19fabf6370255433fa736008910e1bf2) Importer(815301076,1909f56bfc062723c751e8b465ee728b)
Start importing Packages/com.unity.probuilder/Content/Icons/Toolbar/Background/AccentBar_Bottom.png using Guid(19fabf6370255433fa736008910e1bf2) Importer(815301076,1909f56bfc062723c751e8b465ee728b)  -> (artifact id: '741deca35e961b69142627e32499ea5a') in 0.042168 seconds 
  Import took 0.052278 seconds .

========================================================================
Received Import Request.
  Time since last request: 0.000376 seconds.
  path: Assets/ThirdParty/ImportedAssets/shotgun/Materials/7_d.tga
  artifactKey: Guid(c6fc058906ba4f24ab946dc0632792ac) Importer(815301076,1909f56bfc062723c751e8b465ee728b)
Start importing Assets/ThirdParty/ImportedAssets/shotgun/Materials/7_d.tga using Guid(c6fc058906ba4f24ab946dc0632792ac) Importer(815301076,1909f56bfc062723c751e8b465ee728b)  -> (artifact id: '481e3654cfe688d28f74da611bb40e6f') in 0.040432 seconds 
  Import took 0.052321 seconds .

========================================================================
Received Import Request.
  Time since last request: 0.000425 seconds.
  path: Packages/com.unity.probuilder/Content/Icons/Toolbar/AltButton_Hover.png
  artifactKey: Guid(d4f4647229a9f47a3b8739dad2c59db5) Importer(815301076,1909f56bfc062723c751e8b465ee728b)
Start importing Packages/com.unity.probuilder/Content/Icons/Toolbar/AltButton_Hover.png using Guid(d4f4647229a9f47a3b8739dad2c59db5) Importer(815301076,1909f56bfc062723c751e8b465ee728b)  -> (artifact id: '5d4a94bf679c0d93149a4b96bf615792') in 0.040650 seconds 
  Import took 0.051948 seconds .

========================================================================
Received Import Request.
  Time since last request: 0.000451 seconds.
  path: Packages/com.unity.textmeshpro/Editor Resources/Textures/btn_AlignCapLine.psd
  artifactKey: Guid(0d9a36012a224080966c7b55896aa0f9) Importer(815301076,1909f56bfc062723c751e8b465ee728b)
Start importing Packages/com.unity.textmeshpro/Editor Resources/Textures/btn_AlignCapLine.psd using Guid(0d9a36012a224080966c7b55896aa0f9) Importer(815301076,1909f56bfc062723c751e8b465ee728b)  -> (artifact id: '684948ce3f4c3557623ad81cd388dafe') in 0.040772 seconds 
  Import took 0.052185 seconds .

========================================================================
Received Import Request.
  Time since last request: 0.000465 seconds.
  path: Packages/com.unity.textmeshpro/Editor Resources/Textures/btn_AlignFlush_Light.psd
  artifactKey: Guid(64b9fad609434c489c32b1cdf2004a1c) Importer(815301076,1909f56bfc062723c751e8b465ee728b)
Start importing Packages/com.unity.textmeshpro/Editor Resources/Textures/btn_AlignFlush_Light.psd using Guid(64b9fad609434c489c32b1cdf2004a1c) Importer(815301076,1909f56bfc062723c751e8b465ee728b)  -> (artifact id: '3e6feedf3d02fd22e55434beb0994301') in 0.040726 seconds 
  Import took 0.050893 seconds .

========================================================================
Received Import Request.
  Time since last request: 0.000418 seconds.
  path: Packages/com.unity.textmeshpro/Editor Resources/Textures/btn_AlignFlush.psd
  artifactKey: Guid(691475c57a824010be0c6f474caeb7e1) Importer(815301076,1909f56bfc062723c751e8b465ee728b)
Start importing Packages/com.unity.textmeshpro/Editor Resources/Textures/btn_AlignFlush.psd using Guid(691475c57a824010be0c6f474caeb7e1) Importer(815301076,1909f56bfc062723c751e8b465ee728b)  -> (artifact id: 'dc3591a43afd2641282430ac2397e6dc') in 0.042409 seconds 
  Import took 0.051598 seconds .

========================================================================
Received Import Request.
  Time since last request: 0.000377 seconds.
  path: Assets/ThirdParty/ImportedAssets/shotgun/Materials/6_d.tga
  artifactKey: Guid(a22bdaf48d2be41468c144c12f886faa) Importer(815301076,1909f56bfc062723c751e8b465ee728b)
Start importing Assets/ThirdParty/ImportedAssets/shotgun/Materials/6_d.tga using Guid(a22bdaf48d2be41468c144c12f886faa) Importer(815301076,1909f56bfc062723c751e8b465ee728b)  -> (artifact id: '227cca73466213fe9cdb7ed901c09c6e') in 0.043202 seconds 
  Import took 0.052365 seconds .

========================================================================
Received Import Request.
  Time since last request: 0.000440 seconds.
  path: Assets/UI/sprites/border bold.png
  artifactKey: Guid(7a74c54e5bdcd0c4dbb67a33810c48fd) Importer(815301076,1909f56bfc062723c751e8b465ee728b)
Start importing Assets/UI/sprites/border bold.png using Guid(7a74c54e5bdcd0c4dbb67a33810c48fd) Importer(815301076,1909f56bfc062723c751e8b465ee728b)  -> (artifact id: '33484d6a49e9d104f455a81e43fc6aab') in 0.119291 seconds 
  Import took 0.131729 seconds .

========================================================================
Received Import Request.
  Time since last request: 0.000341 seconds.
  path: Packages/com.unity.textmeshpro/Editor Resources/Textures/btn_AlignCenter_Light.psd
  artifactKey: Guid(6ace62d30f494c948b71d5594afce11d) Importer(815301076,1909f56bfc062723c751e8b465ee728b)
Start importing Packages/com.unity.textmeshpro/Editor Resources/Textures/btn_AlignCenter_Light.psd using Guid(6ace62d30f494c948b71d5594afce11d) Importer(815301076,1909f56bfc062723c751e8b465ee728b)  -> (artifact id: 'bcb1c2ff2d0e222ea8aaba733106a61c') in 0.042830 seconds 
  Import took 0.052316 seconds .

========================================================================
Received Import Request.
  Time since last request: 0.000456 seconds.
  path: Packages/com.unity.textmeshpro/Editor Resources/Textures/btn_AlignBottom_Light.psd
  artifactKey: Guid(585b70cb75dd43efbfead809c30a1731) Importer(815301076,1909f56bfc062723c751e8b465ee728b)
Start importing Packages/com.unity.textmeshpro/Editor Resources/Textures/btn_AlignBottom_Light.psd using Guid(585b70cb75dd43efbfead809c30a1731) Importer(815301076,1909f56bfc062723c751e8b465ee728b)  -> (artifact id: 'e05a561b03875db03171c377b68a5145') in 0.038197 seconds 
  Import took 0.049429 seconds .

========================================================================
Received Import Request.
  Time since last request: 0.000746 seconds.
  path: Packages/com.unity.textmeshpro/Editor Resources/Textures/btn_AlignRight.psd
  artifactKey: Guid(342a0f8aca7f4f0691338912faec0494) Importer(815301076,1909f56bfc062723c751e8b465ee728b)
Start importing Packages/com.unity.textmeshpro/Editor Resources/Textures/btn_AlignRight.psd using Guid(342a0f8aca7f4f0691338912faec0494) Importer(815301076,1909f56bfc062723c751e8b465ee728b)  -> (artifact id: '4a28ba76fadd85af83a4f964e35a7368') in 0.039787 seconds 
  Import took 0.049863 seconds .

========================================================================
Received Import Request.
  Time since last request: 0.000384 seconds.
  path: Assets/ThirdParty/ImportedAssets/shotgun/Materials/5_n.tga
  artifactKey: Guid(7c4df38c2f75de5448f4e952a0d59db6) Importer(815301076,1909f56bfc062723c751e8b465ee728b)
Start importing Assets/ThirdParty/ImportedAssets/shotgun/Materials/5_n.tga using Guid(7c4df38c2f75de5448f4e952a0d59db6) Importer(815301076,1909f56bfc062723c751e8b465ee728b)  -> (artifact id: 'fea3de4b698ec8d664a6d7e420bdb49b') in 0.046605 seconds 
  Import took 0.057442 seconds .

========================================================================
Received Import Request.
  Time since last request: 0.000350 seconds.
  path: Assets/ThirdParty/ImportedAssets/shotgun/Materials/8.tga
  artifactKey: Guid(63e297964ae4afe4e99f5fcd0d85dbcb) Importer(815301076,1909f56bfc062723c751e8b465ee728b)
Start importing Assets/ThirdParty/ImportedAssets/shotgun/Materials/8.tga using Guid(63e297964ae4afe4e99f5fcd0d85dbcb) Importer(815301076,1909f56bfc062723c751e8b465ee728b)  -> (artifact id: '58a169e0948c45bd8edf9bf8f07e8e38') in 0.051167 seconds 
  Import took 0.060403 seconds .

========================================================================
Received Import Request.
  Time since last request: 0.000437 seconds.
  path: Packages/com.unity.collab-proxy/Editor/Collaborate/Assets/Icons/added-file-light@2x.png
  artifactKey: Guid(ec2e3aa6d0ab8ce4eac29b56d65d61d5) Importer(815301076,1909f56bfc062723c751e8b465ee728b)
Start importing Packages/com.unity.collab-proxy/Editor/Collaborate/Assets/Icons/added-file-light@2x.png using Guid(ec2e3aa6d0ab8ce4eac29b56d65d61d5) Importer(815301076,1909f56bfc062723c751e8b465ee728b)  -> (artifact id: 'c1a0f1442ed993facd036a1b4233e4a9') in 0.038455 seconds 
  Import took 0.048281 seconds .

========================================================================
Received Import Request.
  Time since last request: 0.000353 seconds.
  path: Packages/com.unity.textmeshpro/Editor Resources/Textures/btn_AlignMiddle_Light.psd
  artifactKey: Guid(066619c9c9c84f89acb1b48c11a7efe2) Importer(815301076,1909f56bfc062723c751e8b465ee728b)
Start importing Packages/com.unity.textmeshpro/Editor Resources/Textures/btn_AlignMiddle_Light.psd using Guid(066619c9c9c84f89acb1b48c11a7efe2) Importer(815301076,1909f56bfc062723c751e8b465ee728b)  -> (artifact id: '4404bc1301275038f401334170de5c2f') in 0.039215 seconds 
  Import took 0.049951 seconds .

========================================================================
Received Import Request.
  Time since last request: 0.000393 seconds.
  path: Packages/com.unity.textmeshpro/Editor Resources/Textures/btn_AlignBaseLine.psd
  artifactKey: Guid(8bc445bb79654bf496c92d0407840a92) Importer(815301076,1909f56bfc062723c751e8b465ee728b)
Start importing Packages/com.unity.textmeshpro/Editor Resources/Textures/btn_AlignBaseLine.psd using Guid(8bc445bb79654bf496c92d0407840a92) Importer(815301076,1909f56bfc062723c751e8b465ee728b)  -> (artifact id: '025fec3e3684478c2c1e8a596b74da1c') in 0.038462 seconds 
  Import took 0.049330 seconds .

========================================================================
Received Import Request.
  Time since last request: 0.000458 seconds.
  path: Packages/com.unity.collab-proxy/Editor/Collaborate/Assets/Icons/back-light.png
  artifactKey: Guid(e676ab7aa99535447a763c9f88bf9260) Importer(815301076,1909f56bfc062723c751e8b465ee728b)
Start importing Packages/com.unity.collab-proxy/Editor/Collaborate/Assets/Icons/back-light.png using Guid(e676ab7aa99535447a763c9f88bf9260) Importer(815301076,1909f56bfc062723c751e8b465ee728b)  -> (artifact id: '0a2c52df70477fbbaf90e10ac5d46252') in 0.040481 seconds 
  Import took 0.049707 seconds .

========================================================================
Received Import Request.
  Time since last request: 0.000441 seconds.
  path: Packages/com.unity.textmeshpro/Editor Resources/Textures/btn_AlignJustified_Light.psd
  artifactKey: Guid(fa6bd40a216346b783a4cce741d277a5) Importer(815301076,1909f56bfc062723c751e8b465ee728b)
Start importing Packages/com.unity.textmeshpro/Editor Resources/Textures/btn_AlignJustified_Light.psd using Guid(fa6bd40a216346b783a4cce741d277a5) Importer(815301076,1909f56bfc062723c751e8b465ee728b)  -> (artifact id: '4a62d4b32951dc27ff02eaeebba9c1ef') in 0.041184 seconds 
  Import took 0.050088 seconds .

========================================================================
Received Import Request.
  Time since last request: 0.000390 seconds.
  path: Packages/com.unity.render-pipelines.universal/Textures/SMAA/AreaTex.tga
  artifactKey: Guid(d1f1048909d55cd4fa1126ab998f617e) Importer(815301076,1909f56bfc062723c751e8b465ee728b)
Start importing Packages/com.unity.render-pipelines.universal/Textures/SMAA/AreaTex.tga using Guid(d1f1048909d55cd4fa1126ab998f617e) Importer(815301076,1909f56bfc062723c751e8b465ee728b)  -> (artifact id: '3690e2fa440792e77e1ed0929907161b') in 0.027995 seconds 
  Import took 0.038369 seconds .

========================================================================
Received Import Request.
  Time since last request: 0.000392 seconds.
  path: Packages/com.unity.render-pipelines.core/Editor/Resources/Advanced_UnPressed_mini.png
  artifactKey: Guid(ad4dcac393f63f3468f6d9ff1652732e) Importer(815301076,1909f56bfc062723c751e8b465ee728b)
Start importing Packages/com.unity.render-pipelines.core/Editor/Resources/Advanced_UnPressed_mini.png using Guid(ad4dcac393f63f3468f6d9ff1652732e) Importer(815301076,1909f56bfc062723c751e8b465ee728b)  -> (artifact id: 'a100885e76bc3d818076c439bec0ff64') in 0.049849 seconds 
  Import took 0.059673 seconds .

========================================================================
Received Import Request.
  Time since last request: 0.000400 seconds.
  path: Packages/com.unity.textmeshpro/Editor Resources/Textures/btn_AlignMidline_Light.psd
  artifactKey: Guid(bb42b2d967d6427983c901a4ffc8ecd9) Importer(815301076,1909f56bfc062723c751e8b465ee728b)
Start importing Packages/com.unity.textmeshpro/Editor Resources/Textures/btn_AlignMidline_Light.psd using Guid(bb42b2d967d6427983c901a4ffc8ecd9) Importer(815301076,1909f56bfc062723c751e8b465ee728b)  -> (artifact id: '1edcea5aad91cd82fb0ebf0572ddff98') in 0.038210 seconds 
  Import took 0.046776 seconds .

========================================================================
Received Import Request.
  Time since last request: 0.000471 seconds.
  path: Packages/com.unity.render-pipelines.core/Editor/LookDev/Icons/Add.png
  artifactKey: Guid(cbaeed03e5416aa4bae23110b63a0c7d) Importer(815301076,1909f56bfc062723c751e8b465ee728b)
Start importing Packages/com.unity.render-pipelines.core/Editor/LookDev/Icons/Add.png using Guid(cbaeed03e5416aa4bae23110b63a0c7d) Importer(815301076,1909f56bfc062723c751e8b465ee728b)  -> (artifact id: '48b5b8def37f6a75da95c06dcbc1c2b3') in 0.044010 seconds 
  Import took 0.053838 seconds .

========================================================================
Received Import Request.
  Time since last request: 0.000324 seconds.
  path: Packages/com.unity.textmeshpro/Editor Resources/Textures/btn_AlignBaseLine_Light.psd
  artifactKey: Guid(18775b51e3bd42299fd30bd036ea982f) Importer(815301076,1909f56bfc062723c751e8b465ee728b)
Start importing Packages/com.unity.textmeshpro/Editor Resources/Textures/btn_AlignBaseLine_Light.psd using Guid(18775b51e3bd42299fd30bd036ea982f) Importer(815301076,1909f56bfc062723c751e8b465ee728b)  -> (artifact id: 'f7274dce39f9b005dceab94cac3fc451') in 0.039622 seconds 
  Import took 0.049496 seconds .

========================================================================
Received Import Request.
  Time since last request: 0.000455 seconds.
  path: Assets/UI/sprites/border.png
  artifactKey: Guid(529f412d6651c7c4984194f78668ae0c) Importer(815301076,1909f56bfc062723c751e8b465ee728b)
Start importing Assets/UI/sprites/border.png using Guid(529f412d6651c7c4984194f78668ae0c) Importer(815301076,1909f56bfc062723c751e8b465ee728b)  -> (artifact id: 'b593494bab7b639ed81db7924f881187') in 0.046832 seconds 
  Import took 0.057644 seconds .

========================================================================
Received Import Request.
  Time since last request: 0.000404 seconds.
  path: Packages/com.unity.probuilder/Content/About/Images/Banner.png
  artifactKey: Guid(a4156609cb9e84be5b5fafc60adeac6d) Importer(815301076,1909f56bfc062723c751e8b465ee728b)
Start importing Packages/com.unity.probuilder/Content/About/Images/Banner.png using Guid(a4156609cb9e84be5b5fafc60adeac6d) Importer(815301076,1909f56bfc062723c751e8b465ee728b)  -> (artifact id: '866e26cca9b856e7c1d753aa64fc1760') in 0.057096 seconds 
  Import took 0.069665 seconds .

========================================================================
Received Import Request.
  Time since last request: 0.000558 seconds.
  path: Packages/com.unity.probuilder/Content/About/Images/Banner_Hover.png
  artifactKey: Guid(c012858f9c644432a934c73ca6083da1) Importer(815301076,1909f56bfc062723c751e8b465ee728b)
Start importing Packages/com.unity.probuilder/Content/About/Images/Banner_Hover.png using Guid(c012858f9c644432a934c73ca6083da1) Importer(815301076,1909f56bfc062723c751e8b465ee728b)  -> (artifact id: '8a7045afc54a461c499b1abff30f1702') in 0.045686 seconds 
  Import took 0.056836 seconds .

========================================================================
Received Import Request.
  Time since last request: 0.000328 seconds.
  path: Packages/com.unity.textmeshpro/Editor Resources/Textures/btn_AlignJustified.psd
  artifactKey: Guid(92027f7f8cfc4feaa477da0dc38d3d46) Importer(815301076,1909f56bfc062723c751e8b465ee728b)
Start importing Packages/com.unity.textmeshpro/Editor Resources/Textures/btn_AlignJustified.psd using Guid(92027f7f8cfc4feaa477da0dc38d3d46) Importer(815301076,1909f56bfc062723c751e8b465ee728b)  -> (artifact id: '1418624bbd2d1da5e469674172d0ba45') in 0.039109 seconds 
  Import took 0.049011 seconds .

========================================================================
Received Import Request.
  Time since last request: 0.000318 seconds.
  path: Packages/com.unity.collab-proxy/Editor/Collaborate/Assets/Icons/back-light@2x.png
  artifactKey: Guid(f5c57327df0fa294c8209aa216435167) Importer(815301076,1909f56bfc062723c751e8b465ee728b)
Start importing Packages/com.unity.collab-proxy/Editor/Collaborate/Assets/Icons/back-light@2x.png using Guid(f5c57327df0fa294c8209aa216435167) Importer(815301076,1909f56bfc062723c751e8b465ee728b)  -> (artifact id: '366e4e5692ba2a608244ac939883d1da') in 0.040536 seconds 
  Import took 0.053388 seconds .

========================================================================
Received Import Request.
  Time since last request: 0.000375 seconds.
  path: Packages/com.unity.textmeshpro/Editor Resources/Textures/btn_AlignCenterGeo.psd
  artifactKey: Guid(c76700ea0062413d9f69409b4e9e151b) Importer(815301076,1909f56bfc062723c751e8b465ee728b)
Start importing Packages/com.unity.textmeshpro/Editor Resources/Textures/btn_AlignCenterGeo.psd using Guid(c76700ea0062413d9f69409b4e9e151b) Importer(815301076,1909f56bfc062723c751e8b465ee728b)  -> (artifact id: '1e368b007713464f7bdc3c1b1c3835df') in 0.046625 seconds 
  Import took 0.056660 seconds .

========================================================================
Received Import Request.
  Time since last request: 0.000453 seconds.
  path: Packages/com.unity.postprocessing/PostProcessing/Textures/SMAA/AreaTex.tga
  artifactKey: Guid(73ec4ae984a0a0f44a2be737e41a6f2f) Importer(815301076,1909f56bfc062723c751e8b465ee728b)
Start importing Packages/com.unity.postprocessing/PostProcessing/Textures/SMAA/AreaTex.tga using Guid(73ec4ae984a0a0f44a2be737e41a6f2f) Importer(815301076,1909f56bfc062723c751e8b465ee728b)  -> (artifact id: '2e821ecb0ce906a0101db660f050012f') in 0.042499 seconds 
  Import took 0.052276 seconds .

========================================================================
Received Import Request.
  Time since last request: 0.000386 seconds.
  path: Packages/com.unity.textmeshpro/Editor Resources/Textures/btn_AlignBottom.psd
  artifactKey: Guid(ca51b19024094d1b87f3e07edb0a75fb) Importer(815301076,1909f56bfc062723c751e8b465ee728b)
Start importing Packages/com.unity.textmeshpro/Editor Resources/Textures/btn_AlignBottom.psd using Guid(ca51b19024094d1b87f3e07edb0a75fb) Importer(815301076,1909f56bfc062723c751e8b465ee728b)  -> (artifact id: '34045eb50c70f0d8fbed72a19f08f5f5') in 0.038491 seconds 
  Import took 0.048161 seconds .

========================================================================
Received Import Request.
  Time since last request: 0.000406 seconds.
  path: Packages/com.unity.textmeshpro/Editor Resources/Textures/btn_AlignMidLine.psd
  artifactKey: Guid(c2f7f6a88b4c4f20a53deb72f3d9144c) Importer(815301076,1909f56bfc062723c751e8b465ee728b)
Start importing Packages/com.unity.textmeshpro/Editor Resources/Textures/btn_AlignMidLine.psd using Guid(c2f7f6a88b4c4f20a53deb72f3d9144c) Importer(815301076,1909f56bfc062723c751e8b465ee728b)  -> (artifact id: 'b8cdb28808cde77ecd648557cf430948') in 0.041464 seconds 
  Import took 0.052409 seconds .

========================================================================
Received Import Request.
  Time since last request: 0.000429 seconds.
  path: Packages/com.unity.collab-proxy/Editor/Collaborate/Assets/Icons/back-dark.png
  artifactKey: Guid(8e3ec2dfd58b79842aa78376678a9a05) Importer(815301076,1909f56bfc062723c751e8b465ee728b)
Start importing Packages/com.unity.collab-proxy/Editor/Collaborate/Assets/Icons/back-dark.png using Guid(8e3ec2dfd58b79842aa78376678a9a05) Importer(815301076,1909f56bfc062723c751e8b465ee728b)  -> (artifact id: 'b2dce706474adba66ba7e3c9ded82197') in 0.040863 seconds 
  Import took 0.050775 seconds .

========================================================================
Received Import Request.
  Time since last request: 0.000373 seconds.
  path: Packages/com.unity.render-pipelines.core/Editor/LookDev/Icons/Add@2x.png
  artifactKey: Guid(79aba0b290c471c4ba3d3f818d4e9b15) Importer(815301076,1909f56bfc062723c751e8b465ee728b)
Start importing Packages/com.unity.render-pipelines.core/Editor/LookDev/Icons/Add@2x.png using Guid(79aba0b290c471c4ba3d3f818d4e9b15) Importer(815301076,1909f56bfc062723c751e8b465ee728b)  -> (artifact id: 'c37e6f7c6582a008df168c8b862aa2b0') in 0.045839 seconds 
  Import took 0.057832 seconds .

========================================================================
Received Import Request.
  Time since last request: 0.000445 seconds.
  path: Packages/com.unity.textmeshpro/Editor Resources/Textures/btn_AlignCenter.psd
  artifactKey: Guid(81ed8c76d2bc4a4c95d092c98af4e58f) Importer(815301076,1909f56bfc062723c751e8b465ee728b)
Start importing Packages/com.unity.textmeshpro/Editor Resources/Textures/btn_AlignCenter.psd using Guid(81ed8c76d2bc4a4c95d092c98af4e58f) Importer(815301076,1909f56bfc062723c751e8b465ee728b)  -> (artifact id: '7160a4850763441bf21a795490da4cd6') in 0.043781 seconds 
  Import took 0.054483 seconds .

========================================================================
Received Import Request.
  Time since last request: 0.000361 seconds.
  path: Packages/com.unity.textmeshpro/Editor Resources/Textures/btn_AlignLeft_Light.psd
  artifactKey: Guid(12736c98af174f91827a26b66d2b01b9) Importer(815301076,1909f56bfc062723c751e8b465ee728b)
Start importing Packages/com.unity.textmeshpro/Editor Resources/Textures/btn_AlignLeft_Light.psd using Guid(12736c98af174f91827a26b66d2b01b9) Importer(815301076,1909f56bfc062723c751e8b465ee728b)  -> (artifact id: '0eed3321e1d0fe932c42d8639a0c2769') in 0.038040 seconds 
  Import took 0.047792 seconds .

========================================================================
Received Import Request.
  Time since last request: 0.000418 seconds.
  path: Packages/com.unity.textmeshpro/Editor Resources/Textures/btn_AlignCenterGeo_Light.psd
  artifactKey: Guid(35ff0937876540d3bd4b6a941df62a92) Importer(815301076,1909f56bfc062723c751e8b465ee728b)
Start importing Packages/com.unity.textmeshpro/Editor Resources/Textures/btn_AlignCenterGeo_Light.psd using Guid(35ff0937876540d3bd4b6a941df62a92) Importer(815301076,1909f56bfc062723c751e8b465ee728b)  -> (artifact id: 'd665f99bb3eabc18fff641f1380bce05') in 0.037062 seconds 
  Import took 0.047323 seconds .

========================================================================
Received Import Request.
  Time since last request: 0.000403 seconds.
  path: Assets/ThirdParty/ImportedAssets/shotgun/Materials/5_s.tga
  artifactKey: Guid(cbd96c4a34b1af54981332856066e4ec) Importer(815301076,1909f56bfc062723c751e8b465ee728b)
Start importing Assets/ThirdParty/ImportedAssets/shotgun/Materials/5_s.tga using Guid(cbd96c4a34b1af54981332856066e4ec) Importer(815301076,1909f56bfc062723c751e8b465ee728b)  -> (artifact id: 'ff957b3697bcf569c2241fadf2969f7b') in 0.039139 seconds 
  Import took 0.049729 seconds .

========================================================================
Received Import Request.
  Time since last request: 0.000379 seconds.
  path: Packages/com.unity.collab-proxy/Editor/Collaborate/Assets/Icons/added-file-dark.png
  artifactKey: Guid(1a4f52b613391cd449af3ad2e44affeb) Importer(815301076,1909f56bfc062723c751e8b465ee728b)
Start importing Packages/com.unity.collab-proxy/Editor/Collaborate/Assets/Icons/added-file-dark.png using Guid(1a4f52b613391cd449af3ad2e44affeb) Importer(815301076,1909f56bfc062723c751e8b465ee728b)  -> (artifact id: '2832fe75dcd391a8ae21f613f029e0d6') in 0.039456 seconds 
  Import took 0.051238 seconds .

========================================================================
Received Import Request.
  Time since last request: 0.000589 seconds.
  path: Packages/com.unity.collab-proxy/Editor/Collaborate/Assets/Icons/back-dark@2x.png
  artifactKey: Guid(9c6313a5316f8a34b852bf94ff96e3ab) Importer(815301076,1909f56bfc062723c751e8b465ee728b)
Start importing Packages/com.unity.collab-proxy/Editor/Collaborate/Assets/Icons/back-dark@2x.png using Guid(9c6313a5316f8a34b852bf94ff96e3ab) Importer(815301076,1909f56bfc062723c751e8b465ee728b)  -> (artifact id: '569da89bb1325729e84447aba26bb1e1') in 0.039879 seconds 
  Import took 0.049635 seconds .

========================================================================
Received Import Request.
  Time since last request: 0.000356 seconds.
  path: Packages/com.unity.collab-proxy/Editor/Collaborate/Assets/Icons/added-file-dark@2x.png
  artifactKey: Guid(c223e0c507e2c6549a2cb97441b62cbe) Importer(815301076,1909f56bfc062723c751e8b465ee728b)
Start importing Packages/com.unity.collab-proxy/Editor/Collaborate/Assets/Icons/added-file-dark@2x.png using Guid(c223e0c507e2c6549a2cb97441b62cbe) Importer(815301076,1909f56bfc062723c751e8b465ee728b)  -> (artifact id: 'b9e86904ba5ad764e1364c55f6ad5e29') in 0.040346 seconds 
  Import took 0.050298 seconds .

========================================================================
Received Import Request.
  Time since last request: 0.000391 seconds.
  path: Packages/com.unity.probuilder/Content/Icons/Toolbar/Bezier_Free.png
  artifactKey: Guid(da4df1da6f6124e98950375683b8fe1b) Importer(815301076,1909f56bfc062723c751e8b465ee728b)
Start importing Packages/com.unity.probuilder/Content/Icons/Toolbar/Bezier_Free.png using Guid(da4df1da6f6124e98950375683b8fe1b) Importer(815301076,1909f56bfc062723c751e8b465ee728b)  -> (artifact id: '72c48ee0c64a4c3816aeded159c6714a') in 0.041010 seconds 
  Import took 0.051341 seconds .

========================================================================
Received Import Request.
  Time since last request: 0.000413 seconds.
  path: Packages/com.unity.probuilder/Content/Icons/Toolbar/Bezier_Mirrored.png
  artifactKey: Guid(ef7e9b1becafe43e08ebc38b881ce60d) Importer(815301076,1909f56bfc062723c751e8b465ee728b)
Start importing Packages/com.unity.probuilder/Content/Icons/Toolbar/Bezier_Mirrored.png using Guid(ef7e9b1becafe43e08ebc38b881ce60d) Importer(815301076,1909f56bfc062723c751e8b465ee728b)  -> (artifact id: '0065856e2c82c55375f1f93a0bc854fc') in 0.036508 seconds 
  Import took 0.046425 seconds .

========================================================================
Received Import Request.
  Time since last request: 0.000445 seconds.
  path: Packages/com.unity.probuilder/Content/Icons/Toolbar/AltButton_Normal.png
  artifactKey: Guid(c175d9b0ccfa2428ea936c9c6b654bd1) Importer(815301076,1909f56bfc062723c751e8b465ee728b)
Start importing Packages/com.unity.probuilder/Content/Icons/Toolbar/AltButton_Normal.png using Guid(c175d9b0ccfa2428ea936c9c6b654bd1) Importer(815301076,1909f56bfc062723c751e8b465ee728b)  -> (artifact id: 'fa32b5fe95b1930dc715e7c67f32ceb3') in 0.043154 seconds 
  Import took 0.053634 seconds .

========================================================================
Received Import Request.
  Time since last request: 0.000434 seconds.
  path: Packages/com.unity.probuilder/Content/Icons/Toolbar/AltButton_Pressed.png
  artifactKey: Guid(2306494ea7af64c58819a58d4396773f) Importer(815301076,1909f56bfc062723c751e8b465ee728b)
Start importing Packages/com.unity.probuilder/Content/Icons/Toolbar/AltButton_Pressed.png using Guid(2306494ea7af64c58819a58d4396773f) Importer(815301076,1909f56bfc062723c751e8b465ee728b)  -> (artifact id: 'af60267c81ad3deb6f3fdbf342fe78d9') in 0.039787 seconds 
  Import took 0.050094 seconds .

========================================================================
Received Import Request.
  Time since last request: 0.000372 seconds.
  path: Packages/com.unity.probuilder/Content/Icons/Toolbar/Bezier_Aligned.png
  artifactKey: Guid(bf4846dc2a1a844a29268dbc71f1c454) Importer(815301076,1909f56bfc062723c751e8b465ee728b)
Start importing Packages/com.unity.probuilder/Content/Icons/Toolbar/Bezier_Aligned.png using Guid(bf4846dc2a1a844a29268dbc71f1c454) Importer(815301076,1909f56bfc062723c751e8b465ee728b)  -> (artifact id: 'c9a0ffed120308a32aa432c96320c4bc') in 0.039973 seconds 
  Import took 0.050334 seconds .

========================================================================
Received Import Request.
  Time since last request: 0.000412 seconds.
  path: Packages/com.unity.render-pipelines.core/Editor/Resources/Advanced_Pressed_mini.png
  artifactKey: Guid(3e471b9fad7264146aa03aca58b27957) Importer(815301076,1909f56bfc062723c751e8b465ee728b)
Start importing Packages/com.unity.render-pipelines.core/Editor/Resources/Advanced_Pressed_mini.png using Guid(3e471b9fad7264146aa03aca58b27957) Importer(815301076,1909f56bfc062723c751e8b465ee728b)  -> (artifact id: '81f7d5a3832658a439af68d328a589cf') in 0.046160 seconds 
  Import took 0.056028 seconds .

========================================================================
Received Import Request.
  Time since last request: 0.000421 seconds.
  path: Packages/com.unity.textmeshpro/Editor Resources/Textures/btn_AlignCapLine_Light.psd
  artifactKey: Guid(49679f302ac6408697f6b9314a38985c) Importer(815301076,1909f56bfc062723c751e8b465ee728b)
Start importing Packages/com.unity.textmeshpro/Editor Resources/Textures/btn_AlignCapLine_Light.psd using Guid(49679f302ac6408697f6b9314a38985c) Importer(815301076,1909f56bfc062723c751e8b465ee728b)  -> (artifact id: 'bc430e7676567d733cce33f1c8a4f468') in 0.040809 seconds 
  Import took 0.049885 seconds .

========================================================================
Received Import Request.
  Time since last request: 0.000593 seconds.
  path: Packages/com.unity.textmeshpro/Editor Resources/Textures/btn_AlignMiddle.psd
  artifactKey: Guid(41b96614b2e6494ba995ddcd252d11ae) Importer(815301076,1909f56bfc062723c751e8b465ee728b)
Start importing Packages/com.unity.textmeshpro/Editor Resources/Textures/btn_AlignMiddle.psd using Guid(41b96614b2e6494ba995ddcd252d11ae) Importer(815301076,1909f56bfc062723c751e8b465ee728b)  -> (artifact id: '87844d3f6125bd6c862e1e02ffce93b8') in 0.040098 seconds 
  Import took 0.050530 seconds .

========================================================================
Received Import Request.
  Time since last request: 0.000527 seconds.
  path: Assets/UI/sprites/basic for HUD.png
  artifactKey: Guid(e5db7de2df74fb84985614f7e7958402) Importer(815301076,1909f56bfc062723c751e8b465ee728b)
Start importing Assets/UI/sprites/basic for HUD.png using Guid(e5db7de2df74fb84985614f7e7958402) Importer(815301076,1909f56bfc062723c751e8b465ee728b)  -> (artifact id: 'fc89f5cf04d1268185e7e56e50aea4bb') in 0.050099 seconds 
  Import took 0.059557 seconds .

========================================================================
Received Import Request.
  Time since last request: 0.000329 seconds.
  path: Packages/com.unity.collab-proxy/Editor/Collaborate/Assets/Icons/added-file-light.png
  artifactKey: Guid(397fff6c3885f8343bb65714f0064b5d) Importer(815301076,1909f56bfc062723c751e8b465ee728b)
Start importing Packages/com.unity.collab-proxy/Editor/Collaborate/Assets/Icons/added-file-light.png using Guid(397fff6c3885f8343bb65714f0064b5d) Importer(815301076,1909f56bfc062723c751e8b465ee728b)  -> (artifact id: '9f33dee7250b364dfecacf547df03ef9') in 0.040741 seconds 
  Import took 0.050678 seconds .

========================================================================
Received Import Request.
  Time since last request: 7.297646 seconds.
  path: Packages/com.unity.textmeshpro/Editor Resources/Textures/btn_AlignRight_Light.psd
  artifactKey: Guid(e05ace3bd15740cda0bad60d89092a5b) Importer(815301076,1909f56bfc062723c751e8b465ee728b)
Start importing Packages/com.unity.textmeshpro/Editor Resources/Textures/btn_AlignRight_Light.psd using Guid(e05ace3bd15740cda0bad60d89092a5b) Importer(815301076,1909f56bfc062723c751e8b465ee728b)  -> (artifact id: '1a2a3f6163a7025b76685c8550d0a000') in 0.040622 seconds 
  Import took 0.049781 seconds .

========================================================================
Received Import Request.
  Time since last request: 0.000453 seconds.
  path: Packages/com.unity.probuilder/Content/Icons/Toolbar/Button_Hover_Horizontal.png
  artifactKey: Guid(942688bbdf9e1427a96370f9a35d7fbf) Importer(815301076,1909f56bfc062723c751e8b465ee728b)
Start importing Packages/com.unity.probuilder/Content/Icons/Toolbar/Button_Hover_Horizontal.png using Guid(942688bbdf9e1427a96370f9a35d7fbf) Importer(815301076,1909f56bfc062723c751e8b465ee728b)  -> (artifact id: 'b391f71b4d8eec1d7202c443be27e9a9') in 0.044736 seconds 
  Import took 0.055065 seconds .

========================================================================
Received Import Request.
  Time since last request: 0.000428 seconds.
  path: Assets/UI/sprites/bullet-9764.png
  artifactKey: Guid(08418e2e7920e0149bcdeca529fc8690) Importer(815301076,1909f56bfc062723c751e8b465ee728b)
Start importing Assets/UI/sprites/bullet-9764.png using Guid(08418e2e7920e0149bcdeca529fc8690) Importer(815301076,1909f56bfc062723c751e8b465ee728b)  -> (artifact id: '7b4f52ff35997183beea74d7e2e9702e') in 0.056837 seconds 
  Import took 0.066457 seconds .

========================================================================
Received Import Request.
  Time since last request: 0.000756 seconds.
  path: Packages/com.unity.collab-proxy/Editor/PlasticSCM/Assets/Images/buttonssosigninunity.png
  artifactKey: Guid(f9161c6c9e06dc445ada3ee16d991f90) Importer(815301076,1909f56bfc062723c751e8b465ee728b)
Start importing Packages/com.unity.collab-proxy/Editor/PlasticSCM/Assets/Images/buttonssosigninunity.png using Guid(f9161c6c9e06dc445ada3ee16d991f90) Importer(815301076,1909f56bfc062723c751e8b465ee728b)  -> (artifact id: 'e3caff4d1ca2dbed8cd3cf101e4db52a') in 0.045558 seconds 
  Import took 0.057046 seconds .

========================================================================
Received Import Request.
  Time since last request: 0.000428 seconds.
  path: Packages/com.unity.probuilder/Content/Icons/Toolbar/Button_Hover.png
  artifactKey: Guid(46d3dcf42ff5c4ccf805503767dae289) Importer(815301076,1909f56bfc062723c751e8b465ee728b)
Start importing Packages/com.unity.probuilder/Content/Icons/Toolbar/Button_Hover.png using Guid(46d3dcf42ff5c4ccf805503767dae289) Importer(815301076,1909f56bfc062723c751e8b465ee728b)  -> (artifact id: 'aa2139634b46c899440ab4077c64a5a3') in 0.042009 seconds 
  Import took 0.051163 seconds .

========================================================================
Received Import Request.
  Time since last request: 0.000494 seconds.
  path: Packages/com.unity.textmeshpro/Editor Resources/Textures/btn_AlignTop_Light.psd
  artifactKey: Guid(ed041e68439749a69d0efa0e3d896c2e) Importer(815301076,1909f56bfc062723c751e8b465ee728b)
Start importing Packages/com.unity.textmeshpro/Editor Resources/Textures/btn_AlignTop_Light.psd using Guid(ed041e68439749a69d0efa0e3d896c2e) Importer(815301076,1909f56bfc062723c751e8b465ee728b)  -> (artifact id: '22a175f7d821c703ac0b72cf5bb83560') in 0.041654 seconds 
  Import took 0.051917 seconds .

========================================================================
Received Import Request.
  Time since last request: 0.000474 seconds.
  path: Packages/com.unity.probuilder/Content/Icons/Toolbar/Button_Normal_Horizontal.png
  artifactKey: Guid(2784dca559ce34a9a8e44028c547a3a0) Importer(815301076,1909f56bfc062723c751e8b465ee728b)
Start importing Packages/com.unity.probuilder/Content/Icons/Toolbar/Button_Normal_Horizontal.png using Guid(2784dca559ce34a9a8e44028c547a3a0) Importer(815301076,1909f56bfc062723c751e8b465ee728b)  -> (artifact id: 'c61358b63d1f37b79f642cc46bfb3fe5') in 0.043867 seconds 
  Import took 0.053535 seconds .

========================================================================
Received Import Request.
  Time since last request: 0.000496 seconds.
  path: Packages/com.unity.collab-proxy/Editor/PlasticSCM/Assets/Images/buttonssosigninemail@2x.png
  artifactKey: Guid(ddf2e76e8a1f88f46ae1e42277850b48) Importer(815301076,1909f56bfc062723c751e8b465ee728b)
Start importing Packages/com.unity.collab-proxy/Editor/PlasticSCM/Assets/Images/buttonssosigninemail@2x.png using Guid(ddf2e76e8a1f88f46ae1e42277850b48) Importer(815301076,1909f56bfc062723c751e8b465ee728b)  -> (artifact id: '2c923a77bbe1cdb693b4c568d1c34f10') in 0.048722 seconds 
  Import took 0.058397 seconds .

========================================================================
Received Import Request.
  Time since last request: 0.000387 seconds.
  path: Packages/com.unity.probuilder/Content/Icons/Toolbar/Button_Normal.png
  artifactKey: Guid(5c266eda6963f4b088cb4e69c9892a28) Importer(815301076,1909f56bfc062723c751e8b465ee728b)
Start importing Packages/com.unity.probuilder/Content/Icons/Toolbar/Button_Normal.png using Guid(5c266eda6963f4b088cb4e69c9892a28) Importer(815301076,1909f56bfc062723c751e8b465ee728b)  -> (artifact id: 'e139679e816f8997cf782d93a2d1b376') in 0.037089 seconds 
  Import took 0.047576 seconds .

========================================================================
Received Import Request.
  Time since last request: 0.000413 seconds.
  path: Assets/UI/sprites/bullet-png-39220.png
  artifactKey: Guid(62e3ca16530d27245bb51c3b9fe0a561) Importer(815301076,1909f56bfc062723c751e8b465ee728b)
Start importing Assets/UI/sprites/bullet-png-39220.png using Guid(62e3ca16530d27245bb51c3b9fe0a561) Importer(815301076,1909f56bfc062723c751e8b465ee728b)  -> (artifact id: 'd7fe5c9545c2714b11d08def0fae4b0d') in 0.047680 seconds 
  Import took 0.059528 seconds .

========================================================================
Received Import Request.
  Time since last request: 0.000385 seconds.
  path: Packages/com.unity.probuilder/Content/Icons/UVEditor/camera-64x64.png
  artifactKey: Guid(a9c8b9fa8aeda4bbea8fcb43e32cc958) Importer(815301076,1909f56bfc062723c751e8b465ee728b)
Start importing Packages/com.unity.probuilder/Content/Icons/UVEditor/camera-64x64.png using Guid(a9c8b9fa8aeda4bbea8fcb43e32cc958) Importer(815301076,1909f56bfc062723c751e8b465ee728b)  -> (artifact id: 'f615e6de42dcae0c3db57f7009a0618c') in 0.042360 seconds 
  Import took 0.053497 seconds .

========================================================================
Received Import Request.
  Time since last request: 0.000488 seconds.
  path: Packages/com.unity.probuilder/Content/Icons/Toolbar/Button_Pressed_Horizontal.png
  artifactKey: Guid(812226b3d99374891a555960dac7ef49) Importer(815301076,1909f56bfc062723c751e8b465ee728b)
Start importing Packages/com.unity.probuilder/Content/Icons/Toolbar/Button_Pressed_Horizontal.png using Guid(812226b3d99374891a555960dac7ef49) Importer(815301076,1909f56bfc062723c751e8b465ee728b)  -> (artifact id: '3ff53155a47c84261e76ed3c8e4d0ca3') in 0.041598 seconds 
  Import took 0.052059 seconds .

========================================================================
Received Import Request.
  Time since last request: 0.000368 seconds.
  path: Packages/com.unity.collab-proxy/Editor/PlasticSCM/Assets/Images/buttonssosigninemail.png
  artifactKey: Guid(d24e7e0b75e1a244bb9687d6fd4315ef) Importer(815301076,1909f56bfc062723c751e8b465ee728b)
Start importing Packages/com.unity.collab-proxy/Editor/PlasticSCM/Assets/Images/buttonssosigninemail.png using Guid(d24e7e0b75e1a244bb9687d6fd4315ef) Importer(815301076,1909f56bfc062723c751e8b465ee728b)  -> (artifact id: 'b783719015526037d1f9371ec061f245') in 0.048506 seconds 
  Import took 0.057141 seconds .

========================================================================
Received Import Request.
  Time since last request: 0.000401 seconds.
  path: Packages/com.unity.textmeshpro/Editor Resources/Textures/btn_AlignTop.psd
  artifactKey: Guid(48d034c499ee4697af9dd6e327110249) Importer(815301076,1909f56bfc062723c751e8b465ee728b)
Start importing Packages/com.unity.textmeshpro/Editor Resources/Textures/btn_AlignTop.psd using Guid(48d034c499ee4697af9dd6e327110249) Importer(815301076,1909f56bfc062723c751e8b465ee728b)  -> (artifact id: 'fb882bd7d6265753f45f94ded3d1dc40') in 0.041716 seconds 
  Import took 0.052097 seconds .

========================================================================
Received Import Request.
  Time since last request: 0.000436 seconds.
  path: Packages/com.unity.probuilder/Content/Icons/Toolbar/Button_Pressed.png
  artifactKey: Guid(7fd132649d558432ba3da6dacc873882) Importer(815301076,1909f56bfc062723c751e8b465ee728b)
Start importing Packages/com.unity.probuilder/Content/Icons/Toolbar/Button_Pressed.png using Guid(7fd132649d558432ba3da6dacc873882) Importer(815301076,1909f56bfc062723c751e8b465ee728b)  -> (artifact id: 'dd7e5a4d81d71f75954581f88ba0f3e9') in 0.043069 seconds 
  Import took 0.052909 seconds .

========================================================================
Received Import Request.
  Time since last request: 0.000363 seconds.
  path: Packages/com.unity.collab-proxy/Editor/PlasticSCM/Assets/Images/buttonssosigningoogle.png
  artifactKey: Guid(f09eae8c0ea04254b90c5386a034a225) Importer(815301076,1909f56bfc062723c751e8b465ee728b)
Start importing Packages/com.unity.collab-proxy/Editor/PlasticSCM/Assets/Images/buttonssosigningoogle.png using Guid(f09eae8c0ea04254b90c5386a034a225) Importer(815301076,1909f56bfc062723c751e8b465ee728b)  -> (artifact id: '49c3d06fb7347d7f65b203aa3e51196a') in 0.047954 seconds 
  Import took 0.056725 seconds .

========================================================================
Received Import Request.
  Time since last request: 12.148398 seconds.
  path: Packages/com.unity.probuilder/Content/Icons/UVEditor/camera-64x64_Light.png
  artifactKey: Guid(130a7195195104054a5f86c361605953) Importer(815301076,1909f56bfc062723c751e8b465ee728b)
Start importing Packages/com.unity.probuilder/Content/Icons/UVEditor/camera-64x64_Light.png using Guid(130a7195195104054a5f86c361605953) Importer(815301076,1909f56bfc062723c751e8b465ee728b)  -> (artifact id: '05f62ac6af4ea7166288953727b60187') in 0.035509 seconds 
  Import took 0.045002 seconds .

========================================================================
Received Import Request.
  Time since last request: 0.000500 seconds.
  path: Packages/com.unity.render-pipelines.core/Editor/LookDev/Icons/Camera1@2x.png
  artifactKey: Guid(52b3ad4181ffbec4cad6eb26d07127f6) Importer(815301076,1909f56bfc062723c751e8b465ee728b)
Start importing Packages/com.unity.render-pipelines.core/Editor/LookDev/Icons/Camera1@2x.png using Guid(52b3ad4181ffbec4cad6eb26d07127f6) Importer(815301076,1909f56bfc062723c751e8b465ee728b)  -> (artifact id: 'e363af67f7b4fe208dfec8aa3d4634bd') in 0.051261 seconds 
  Import took 0.059882 seconds .

========================================================================
Received Import Request.
  Time since last request: 0.000656 seconds.
  path: Packages/com.unity.render-pipelines.core/Editor/LookDev/Icons/Camera1.png
  artifactKey: Guid(2384eb5de05269b44a58f8dd1d83d725) Importer(815301076,1909f56bfc062723c751e8b465ee728b)
Start importing Packages/com.unity.render-pipelines.core/Editor/LookDev/Icons/Camera1.png using Guid(2384eb5de05269b44a58f8dd1d83d725) Importer(815301076,1909f56bfc062723c751e8b465ee728b)  -> (artifact id: 'bb3a6c4cfe5331587b8dcca4aada1cb7') in 0.050026 seconds 
  Import took 0.058868 seconds .

========================================================================
Received Import Request.
  Time since last request: 0.627151 seconds.
  path: Packages/com.unity.render-pipelines.core/Editor/LookDev/Icons/Camera2.png
  artifactKey: Guid(e89a31db98e403b40af1a8f0ef9ae1ef) Importer(815301076,1909f56bfc062723c751e8b465ee728b)
Start importing Packages/com.unity.render-pipelines.core/Editor/LookDev/Icons/Camera2.png using Guid(e89a31db98e403b40af1a8f0ef9ae1ef) Importer(815301076,1909f56bfc062723c751e8b465ee728b)  -> (artifact id: '36febde931e9781bee4c8e37fcd2a674') in 0.043733 seconds 
  Import took 0.053303 seconds .

========================================================================
Received Import Request.
  Time since last request: 0.000488 seconds.
  path: Packages/com.unity.render-pipelines.universal/Editor/Gizmos/Camera_Base.png
  artifactKey: Guid(24b1fe14c2b41d6489a7e7819483df6b) Importer(815301076,1909f56bfc062723c751e8b465ee728b)
Start importing Packages/com.unity.render-pipelines.universal/Editor/Gizmos/Camera_Base.png using Guid(24b1fe14c2b41d6489a7e7819483df6b) Importer(815301076,1909f56bfc062723c751e8b465ee728b)  -> (artifact id: '3b4942ee03395ed759d64873b7467027') in 0.049582 seconds 
  Import took 0.057628 seconds .

========================================================================
Received Import Request.
  Time since last request: 0.000452 seconds.
  path: Packages/com.unity.render-pipelines.core/Editor/LookDev/Icons/Camera2@2x.png
  artifactKey: Guid(28f2917353630ce4fa307eeceadcd26d) Importer(815301076,1909f56bfc062723c751e8b465ee728b)
Start importing Packages/com.unity.render-pipelines.core/Editor/LookDev/Icons/Camera2@2x.png using Guid(28f2917353630ce4fa307eeceadcd26d) Importer(815301076,1909f56bfc062723c751e8b465ee728b)  -> (artifact id: 'dc35967560b65e9818f70b9f62e2fd44') in 0.045671 seconds 
  Import took 0.054513 seconds .

========================================================================
Received Import Request.
  Time since last request: 0.541505 seconds.
  path: Packages/com.unity.render-pipelines.universal/Editor/Gizmos/Camera_Offscreen.png
  artifactKey: Guid(99c1f1ec31ff9924e9a75aff82e6b986) Importer(815301076,1909f56bfc062723c751e8b465ee728b)
Start importing Packages/com.unity.render-pipelines.universal/Editor/Gizmos/Camera_Offscreen.png using Guid(99c1f1ec31ff9924e9a75aff82e6b986) Importer(815301076,1909f56bfc062723c751e8b465ee728b)  -> (artifact id: '615d364fdb228b4beafc2b75235e6ca1') in 0.037857 seconds 
  Import took 0.046829 seconds .

========================================================================
Received Import Request.
  Time since last request: 0.000571 seconds.
  path: Packages/com.unity.render-pipelines.universal/Editor/Gizmos/Camera_Overlay.png
  artifactKey: Guid(de8dba0dc20209d4086c0dd93ddf0dd4) Importer(815301076,1909f56bfc062723c751e8b465ee728b)
Start importing Packages/com.unity.render-pipelines.universal/Editor/Gizmos/Camera_Overlay.png using Guid(de8dba0dc20209d4086c0dd93ddf0dd4) Importer(815301076,1909f56bfc062723c751e8b465ee728b)  -> (artifact id: '1b1a36635309a2cdcd90dcba7d87f0c7') in 0.047525 seconds 
  Import took 0.056730 seconds .

========================================================================
Received Import Request.
  Time since last request: 0.000780 seconds.
  path: Packages/com.unity.render-pipelines.universal/Editor/Gizmos/Camera_PostProcessing.png
  artifactKey: Guid(916f43e9d8e15c448a2c8a5d30b26dbd) Importer(815301076,1909f56bfc062723c751e8b465ee728b)
Start importing Packages/com.unity.render-pipelines.universal/Editor/Gizmos/Camera_PostProcessing.png using Guid(916f43e9d8e15c448a2c8a5d30b26dbd) Importer(815301076,1909f56bfc062723c751e8b465ee728b)  -> (artifact id: 'e63ca227f10c9aff0edcd9579990336c') in 0.041184 seconds 
  Import took 0.052135 seconds .

========================================================================
Received Import Request.
  Time since last request: 0.102028 seconds.
  path: Packages/com.unity.render-pipelines.universal/Editor/Gizmos/Camera_UI.png
  artifactKey: Guid(e3c6759aa8004ae458959d7fe48d6a74) Importer(815301076,1909f56bfc062723c751e8b465ee728b)
Start importing Packages/com.unity.render-pipelines.universal/Editor/Gizmos/Camera_UI.png using Guid(e3c6759aa8004ae458959d7fe48d6a74) Importer(815301076,1909f56bfc062723c751e8b465ee728b)  -> (artifact id: '92bffe8dddb0744f5c967a7cc7c4a7ee') in 0.038193 seconds 
  Import took 0.047733 seconds .

========================================================================
Received Import Request.
  Time since last request: 0.000426 seconds.
  path: Packages/com.unity.render-pipelines.core/Editor/LookDev/Icons/CenterLight@2x.png
  artifactKey: Guid(8063050a249eef441beb8cbbd04c086c) Importer(815301076,1909f56bfc062723c751e8b465ee728b)
Start importing Packages/com.unity.render-pipelines.core/Editor/LookDev/Icons/CenterLight@2x.png using Guid(8063050a249eef441beb8cbbd04c086c) Importer(815301076,1909f56bfc062723c751e8b465ee728b)  -> (artifact id: '56d2459c293aa58923efacbdfd2864fa') in 0.043109 seconds 
  Import took 0.051894 seconds .

========================================================================
Received Import Request.
  Time since last request: 0.000465 seconds.
  path: Packages/com.unity.render-pipelines.core/Editor/LookDev/Icons/CenterLight.png
  artifactKey: Guid(3092b2985cafe0b43b1f02ce1d6829d5) Importer(815301076,1909f56bfc062723c751e8b465ee728b)
Start importing Packages/com.unity.render-pipelines.core/Editor/LookDev/Icons/CenterLight.png using Guid(3092b2985cafe0b43b1f02ce1d6829d5) Importer(815301076,1909f56bfc062723c751e8b465ee728b)  -> (artifact id: '591466fdce0f9a09d0756a50421cc0bb') in 0.049025 seconds 
  Import took 0.058541 seconds .

========================================================================
Received Import Request.
  Time since last request: 0.421429 seconds.
  path: Assets/ThirdParty/JMO Assets/Cartoon FX/Demo/UI Canvas/CFX Demo Btn Arrow.png
  artifactKey: Guid(6ca93523b0317c242b05932fedb07cb3) Importer(815301076,1909f56bfc062723c751e8b465ee728b)
Start importing Assets/ThirdParty/JMO Assets/Cartoon FX/Demo/UI Canvas/CFX Demo Btn Arrow.png using Guid(6ca93523b0317c242b05932fedb07cb3) Importer(815301076,1909f56bfc062723c751e8b465ee728b)  -> (artifact id: '4f5cfad82a372eac29360ffc3c242803') in 0.039759 seconds 
  Import took 0.048903 seconds .

========================================================================
Received Import Request.
  Time since last request: 0.000417 seconds.
  path: Assets/ThirdParty/JMO Assets/Cartoon FX/Demo/UI Canvas/CFX Demo Btn Camera.png
  artifactKey: Guid(4c72f3c555f96274787f31379fabb6ff) Importer(815301076,1909f56bfc062723c751e8b465ee728b)
Start importing Assets/ThirdParty/JMO Assets/Cartoon FX/Demo/UI Canvas/CFX Demo Btn Camera.png using Guid(4c72f3c555f96274787f31379fabb6ff) Importer(815301076,1909f56bfc062723c751e8b465ee728b)  -> (artifact id: '400f105f2896d2ac798eec0d687b3a04') in 0.054294 seconds 
  Import took 0.063706 seconds .

========================================================================
Received Import Request.
  Time since last request: 0.000490 seconds.
  path: Assets/ThirdParty/JMO Assets/Cartoon FX/Demo/UI Canvas/CFX Demo Btn Arrow R.png
  artifactKey: Guid(3783f195e2c8dc84cb1461fbe881e9cb) Importer(815301076,1909f56bfc062723c751e8b465ee728b)
Start importing Assets/ThirdParty/JMO Assets/Cartoon FX/Demo/UI Canvas/CFX Demo Btn Arrow R.png using Guid(3783f195e2c8dc84cb1461fbe881e9cb) Importer(815301076,1909f56bfc062723c751e8b465ee728b)  -> (artifact id: '5591a538ac6afa78f62fa0d6b58c7db9') in 0.048224 seconds 
  Import took 0.058146 seconds .

========================================================================
Received Import Request.
  Time since last request: 0.240610 seconds.
  path: Assets/ThirdParty/JMO Assets/Cartoon FX/Demo/UI Canvas/CFX Demo Btn Camera H.png
  artifactKey: Guid(90cdb91b8028d984b9adf63a23402f86) Importer(815301076,1909f56bfc062723c751e8b465ee728b)
Start importing Assets/ThirdParty/JMO Assets/Cartoon FX/Demo/UI Canvas/CFX Demo Btn Camera H.png using Guid(90cdb91b8028d984b9adf63a23402f86) Importer(815301076,1909f56bfc062723c751e8b465ee728b)  -> (artifact id: '2651ecfc92b27d59974bffa644b4e711') in 0.042821 seconds 
  Import took 0.052967 seconds .

========================================================================
Received Import Request.
  Time since last request: 0.000490 seconds.
  path: Assets/ThirdParty/JMO Assets/Cartoon FX/Demo/UI Canvas/CFX Demo Btn Ground H.png
  artifactKey: Guid(5cc9c4a6db9a74a40aaed761fc99294c) Importer(815301076,1909f56bfc062723c751e8b465ee728b)
Start importing Assets/ThirdParty/JMO Assets/Cartoon FX/Demo/UI Canvas/CFX Demo Btn Ground H.png using Guid(5cc9c4a6db9a74a40aaed761fc99294c) Importer(815301076,1909f56bfc062723c751e8b465ee728b)  -> (artifact id: 'dbc5f4018a3578a1fe5f629145d9d7e1') in 0.045713 seconds 
  Import took 0.056401 seconds .

========================================================================
Received Import Request.
  Time since last request: 0.000484 seconds.
  path: Assets/ThirdParty/JMO Assets/Cartoon FX/Demo/UI Canvas/CFX Demo Btn Ground.png
  artifactKey: Guid(a2bcf923df54ffa4ba7e795955c5dc22) Importer(815301076,1909f56bfc062723c751e8b465ee728b)
Start importing Assets/ThirdParty/JMO Assets/Cartoon FX/Demo/UI Canvas/CFX Demo Btn Ground.png using Guid(a2bcf923df54ffa4ba7e795955c5dc22) Importer(815301076,1909f56bfc062723c751e8b465ee728b)  -> (artifact id: 'd1817c8de44660d5aa45f1124520c804') in 0.051582 seconds 
  Import took 0.061630 seconds .

========================================================================
Received Import Request.
  Time since last request: 0.367062 seconds.
  path: Assets/ThirdParty/JMO Assets/Cartoon FX/Demo/UI Canvas/CFX Demo Btn SlowMo.png
  artifactKey: Guid(5ec8fc5d939ea2244985ca77a114c9d0) Importer(815301076,1909f56bfc062723c751e8b465ee728b)
Start importing Assets/ThirdParty/JMO Assets/Cartoon FX/Demo/UI Canvas/CFX Demo Btn SlowMo.png using Guid(5ec8fc5d939ea2244985ca77a114c9d0) Importer(815301076,1909f56bfc062723c751e8b465ee728b)  -> (artifact id: 'abf6e573b3a8d2874a8d1dbe7e8dbd3d') in 0.042355 seconds 
  Import took 0.051971 seconds .

========================================================================
Received Import Request.
  Time since last request: 0.000506 seconds.
  path: Assets/ThirdParty/JMO Assets/Cartoon FX/Demo/UI Canvas/CFX1 Demo Logo.png
  artifactKey: Guid(f7c98b268308d794b8148d0c2914372d) Importer(815301076,1909f56bfc062723c751e8b465ee728b)
Start importing Assets/ThirdParty/JMO Assets/Cartoon FX/Demo/UI Canvas/CFX1 Demo Logo.png using Guid(f7c98b268308d794b8148d0c2914372d) Importer(815301076,1909f56bfc062723c751e8b465ee728b)  -> (artifact id: '2fa97e23d0607a653f7d11ce09f65f75') in 0.049556 seconds 
  Import took 0.058570 seconds .

========================================================================
Received Import Request.
  Time since last request: 0.000497 seconds.
  path: Assets/ThirdParty/JMO Assets/Cartoon FX/Demo/UI Canvas/CFX Demo Btn SlowMo H.png
  artifactKey: Guid(48624f05b683e4a4ab1a142e40fd6971) Importer(815301076,1909f56bfc062723c751e8b465ee728b)
Start importing Assets/ThirdParty/JMO Assets/Cartoon FX/Demo/UI Canvas/CFX Demo Btn SlowMo H.png using Guid(48624f05b683e4a4ab1a142e40fd6971) Importer(815301076,1909f56bfc062723c751e8b465ee728b)  -> (artifact id: '2a196bc8a2d802e296bc21897277d470') in 0.046303 seconds 
  Import took 0.056314 seconds .

========================================================================
Received Import Request.
  Time since last request: 0.260489 seconds.
  path: Assets/ThirdParty/JMO Assets/Cartoon FX/Demo/UI Canvas/CFX2 Demo Logo.png
  artifactKey: Guid(5bd23007d5e4e2b48ad7618f94328601) Importer(815301076,1909f56bfc062723c751e8b465ee728b)
Start importing Assets/ThirdParty/JMO Assets/Cartoon FX/Demo/UI Canvas/CFX2 Demo Logo.png using Guid(5bd23007d5e4e2b48ad7618f94328601) Importer(815301076,1909f56bfc062723c751e8b465ee728b)  -> (artifact id: '975f14feeecfd66dfee1626acda11abb') in 0.039876 seconds 
  Import took 0.049897 seconds .

========================================================================
Received Import Request.
  Time since last request: 0.000795 seconds.
  path: Assets/ThirdParty/JMO Assets/Cartoon FX/Textures/CFX2_T_Bat.png
  artifactKey: Guid(32e27c4d7b392d448928e914fbf9b2d1) Importer(815301076,1909f56bfc062723c751e8b465ee728b)
Start importing Assets/ThirdParty/JMO Assets/Cartoon FX/Textures/CFX2_T_Bat.png using Guid(32e27c4d7b392d448928e914fbf9b2d1) Importer(815301076,1909f56bfc062723c751e8b465ee728b)  -> (artifact id: '6d4d2d522b293151d84004b1fc508ceb') in 0.041322 seconds 
  Import took 0.050470 seconds .

========================================================================
Received Import Request.
  Time since last request: 0.000427 seconds.
  path: Assets/ThirdParty/JMO Assets/Cartoon FX/Textures/CFX2_T_Blood_AB.tga
  artifactKey: Guid(9c8240b5c6ffd404dadb82f7b6f2cbe6) Importer(815301076,1909f56bfc062723c751e8b465ee728b)
Start importing Assets/ThirdParty/JMO Assets/Cartoon FX/Textures/CFX2_T_Blood_AB.tga using Guid(9c8240b5c6ffd404dadb82f7b6f2cbe6) Importer(815301076,1909f56bfc062723c751e8b465ee728b)  -> (artifact id: '4baaa4519ecb6370302ba53b72131fbe') in 0.045275 seconds 
  Import took 0.056163 seconds .

========================================================================
Received Import Request.
  Time since last request: 0.004778 seconds.
  path: Assets/ThirdParty/JMO Assets/Cartoon FX/Textures/CFX2_T_Decal_BloodPuddle_AB.tga
  artifactKey: Guid(4be0e8aa5e8747240af836ab4904c4a5) Importer(815301076,1909f56bfc062723c751e8b465ee728b)
Start importing Assets/ThirdParty/JMO Assets/Cartoon FX/Textures/CFX2_T_Decal_BloodPuddle_AB.tga using Guid(4be0e8aa5e8747240af836ab4904c4a5) Importer(815301076,1909f56bfc062723c751e8b465ee728b)  -> (artifact id: 'db79ac560de1ee7e9143553774392864') in 0.048291 seconds 
  Import took 0.059226 seconds .

========================================================================
Received Import Request.
  Time since last request: 0.000420 seconds.
  path: Assets/ThirdParty/JMO Assets/Cartoon FX/Textures/CFX2_T_Diamond Outline.png
  artifactKey: Guid(ee95c6682c9bfc84184687afe06f0aaf) Importer(815301076,1909f56bfc062723c751e8b465ee728b)
Start importing Assets/ThirdParty/JMO Assets/Cartoon FX/Textures/CFX2_T_Diamond Outline.png using Guid(ee95c6682c9bfc84184687afe06f0aaf) Importer(815301076,1909f56bfc062723c751e8b465ee728b)  -> (artifact id: '6defbc37d50c1f409f0f03c0af7f5e23') in 0.050082 seconds 
  Import took 0.059103 seconds .

========================================================================
Received Import Request.
  Time since last request: 0.000643 seconds.
  path: Assets/ThirdParty/JMO Assets/Cartoon FX/Textures/CFX2_T_Diamond.png
  artifactKey: Guid(b271b752f88ea45478b526f9a8b763b0) Importer(815301076,1909f56bfc062723c751e8b465ee728b)
Start importing Assets/ThirdParty/JMO Assets/Cartoon FX/Textures/CFX2_T_Diamond.png using Guid(b271b752f88ea45478b526f9a8b763b0) Importer(815301076,1909f56bfc062723c751e8b465ee728b)  -> (artifact id: '2981312c1065ff8c17e054c65c202f04') in 0.041605 seconds 
  Import took 0.051350 seconds .

========================================================================
Received Import Request.
  Time since last request: 0.243860 seconds.
  path: Assets/ThirdParty/JMO Assets/Cartoon FX/Textures/CFX2_T_FadedRay.png
  artifactKey: Guid(03825a665aa62554eb3e92e2ab6c4b12) Importer(815301076,1909f56bfc062723c751e8b465ee728b)
Start importing Assets/ThirdParty/JMO Assets/Cartoon FX/Textures/CFX2_T_FadedRay.png using Guid(03825a665aa62554eb3e92e2ab6c4b12) Importer(815301076,1909f56bfc062723c751e8b465ee728b)  -> (artifact id: '9597a4e14172c7cba01dc3366abec441') in 0.037843 seconds 
  Import took 0.048213 seconds .

========================================================================
Received Import Request.
  Time since last request: 0.000398 seconds.
  path: Assets/ThirdParty/JMO Assets/Cartoon FX/Textures/CFX2_T_Glow.png
  artifactKey: Guid(e387f662afce60c4cbf4689043469d34) Importer(815301076,1909f56bfc062723c751e8b465ee728b)
Start importing Assets/ThirdParty/JMO Assets/Cartoon FX/Textures/CFX2_T_Glow.png using Guid(e387f662afce60c4cbf4689043469d34) Importer(815301076,1909f56bfc062723c751e8b465ee728b)  -> (artifact id: '6fb13577b44e14079cfa281fae4e3e32') in 0.042593 seconds 
  Import took 0.052392 seconds .

========================================================================
Received Import Request.
  Time since last request: 0.000396 seconds.
  path: Assets/ThirdParty/JMO Assets/Cartoon FX/Textures/CFX2_T_GlowSoft.png
  artifactKey: Guid(8a75e78ce03d6bf4aa7ab9b759c2ca32) Importer(815301076,1909f56bfc062723c751e8b465ee728b)
Start importing Assets/ThirdParty/JMO Assets/Cartoon FX/Textures/CFX2_T_GlowSoft.png using Guid(8a75e78ce03d6bf4aa7ab9b759c2ca32) Importer(815301076,1909f56bfc062723c751e8b465ee728b)  -> (artifact id: '776dad2392b580ec8c417e878159f058') in 0.044256 seconds 
  Import took 0.054190 seconds .

========================================================================
Received Import Request.
  Time since last request: 0.001697 seconds.
  path: Assets/ThirdParty/JMO Assets/Cartoon FX/Textures/CFX2_T_Heart.png
  artifactKey: Guid(025d69190a4ac0844aba79123c911853) Importer(815301076,1909f56bfc062723c751e8b465ee728b)
Start importing Assets/ThirdParty/JMO Assets/Cartoon FX/Textures/CFX2_T_Heart.png using Guid(025d69190a4ac0844aba79123c911853) Importer(815301076,1909f56bfc062723c751e8b465ee728b)  -> (artifact id: 'ba8c996d75c162bdb17996270fa4298c') in 0.042716 seconds 
  Import took 0.053457 seconds .

========================================================================
Received Import Request.
  Time since last request: 0.000349 seconds.
  path: Assets/ThirdParty/JMO Assets/Cartoon FX/Textures/CFX2_T_HeartBrokenSlice.png
  artifactKey: Guid(9864efbfd97a1d141aaef379143ac011) Importer(815301076,1909f56bfc062723c751e8b465ee728b)
Start importing Assets/ThirdParty/JMO Assets/Cartoon FX/Textures/CFX2_T_HeartBrokenSlice.png using Guid(9864efbfd97a1d141aaef379143ac011) Importer(815301076,1909f56bfc062723c751e8b465ee728b)  -> (artifact id: 'f1c7b4f98505e8910ebef3297ac41e90') in 0.042413 seconds 
  Import took 0.050930 seconds .

========================================================================
Received Import Request.
  Time since last request: 0.000365 seconds.
  path: Assets/ThirdParty/JMO Assets/Cartoon FX/Textures/CFX2_T_HeartBroken_2Frames.png
  artifactKey: Guid(fc30dedb4b1539a459c3601dc98f4b47) Importer(815301076,1909f56bfc062723c751e8b465ee728b)
Start importing Assets/ThirdParty/JMO Assets/Cartoon FX/Textures/CFX2_T_HeartBroken_2Frames.png using Guid(fc30dedb4b1539a459c3601dc98f4b47) Importer(815301076,1909f56bfc062723c751e8b465ee728b)  -> (artifact id: '49db3685db046370612ae5a272b10a76') in 0.040802 seconds 
  Import took 0.049423 seconds .

========================================================================
Received Import Request.
  Time since last request: 0.353306 seconds.
  path: Assets/ThirdParty/JMO Assets/Cartoon FX/Textures/CFX2_T_HeartOutline.png
  artifactKey: Guid(03e95ca11ee78cd4482680e2c4ec46f1) Importer(815301076,1909f56bfc062723c751e8b465ee728b)
Start importing Assets/ThirdParty/JMO Assets/Cartoon FX/Textures/CFX2_T_HeartOutline.png using Guid(03e95ca11ee78cd4482680e2c4ec46f1) Importer(815301076,1909f56bfc062723c751e8b465ee728b)  -> (artifact id: '809b2b0b2a2eb63e7f35dc49715b388e') in 0.044036 seconds 
  Import took 0.053860 seconds .

========================================================================
Received Import Request.
  Time since last request: 0.000603 seconds.
  path: Assets/ThirdParty/JMO Assets/Cartoon FX/Textures/CFX2_T_ShinyStar.png
  artifactKey: Guid(e11a46337d7c55c42b0a2df4ae4ce720) Importer(815301076,1909f56bfc062723c751e8b465ee728b)
Start importing Assets/ThirdParty/JMO Assets/Cartoon FX/Textures/CFX2_T_ShinyStar.png using Guid(e11a46337d7c55c42b0a2df4ae4ce720) Importer(815301076,1909f56bfc062723c751e8b465ee728b)  -> (artifact id: 'cc150c55133bafb2721631f5ecb2569f') in 0.043832 seconds 
  Import took 0.054228 seconds .

========================================================================
Received Import Request.
  Time since last request: 0.000434 seconds.
  path: Assets/ThirdParty/JMO Assets/Cartoon FX/Textures/CFX2_T_SkullStretch.png
  artifactKey: Guid(768b0970ee4daaf4c9da3b88a3642814) Importer(815301076,1909f56bfc062723c751e8b465ee728b)
Start importing Assets/ThirdParty/JMO Assets/Cartoon FX/Textures/CFX2_T_SkullStretch.png using Guid(768b0970ee4daaf4c9da3b88a3642814) Importer(815301076,1909f56bfc062723c751e8b465ee728b)  -> (artifact id: 'e133e2c7679c281c1d49e449f679c574') in 0.045481 seconds 
  Import took 0.055116 seconds .

========================================================================
Received Import Request.
  Time since last request: 0.000515 seconds.
  path: Assets/ThirdParty/JMO Assets/Cartoon FX/Textures/CFX2_T_SmallRocks_4Frames.tga
  artifactKey: Guid(9648024bd8fe4834e8a465c7222510fa) Importer(815301076,1909f56bfc062723c751e8b465ee728b)
Start importing Assets/ThirdParty/JMO Assets/Cartoon FX/Textures/CFX2_T_SmallRocks_4Frames.tga using Guid(9648024bd8fe4834e8a465c7222510fa) Importer(815301076,1909f56bfc062723c751e8b465ee728b)  -> (artifact id: '7f09a81c1b71880a3315acf1433d5de7') in 0.044692 seconds 
  Import took 0.054225 seconds .

========================================================================
Received Import Request.
  Time since last request: 0.000484 seconds.
  path: Assets/ThirdParty/JMO Assets/Cartoon FX/Textures/CFX2_T_Smiley Happy Outline.png
  artifactKey: Guid(8b5cfdfaadd8a244c854bac174bd9120) Importer(815301076,1909f56bfc062723c751e8b465ee728b)
Start importing Assets/ThirdParty/JMO Assets/Cartoon FX/Textures/CFX2_T_Smiley Happy Outline.png using Guid(8b5cfdfaadd8a244c854bac174bd9120) Importer(815301076,1909f56bfc062723c751e8b465ee728b)  -> (artifact id: '338c000584c9634d20daf1ee318a37a3') in 0.042955 seconds 
  Import took 0.053030 seconds .

========================================================================
Received Import Request.
  Time since last request: 0.000448 seconds.
  path: Assets/ThirdParty/JMO Assets/Cartoon FX/Textures/CFX2_T_Smiley Happy.png
  artifactKey: Guid(04968eedb3f06fb478bf733d8fb53727) Importer(815301076,1909f56bfc062723c751e8b465ee728b)
Start importing Assets/ThirdParty/JMO Assets/Cartoon FX/Textures/CFX2_T_Smiley Happy.png using Guid(04968eedb3f06fb478bf733d8fb53727) Importer(815301076,1909f56bfc062723c751e8b465ee728b)  -> (artifact id: '3b516d8d8325ab973983d67b7b7cc376') in 0.047296 seconds 
  Import took 0.056394 seconds .

========================================================================
Received Import Request.
  Time since last request: 0.259372 seconds.
  path: Assets/ThirdParty/JMO Assets/Cartoon FX/Textures/CFX2_T_Star.png
  artifactKey: Guid(6952b5f508f55574eaafe2fe79f66d45) Importer(815301076,1909f56bfc062723c751e8b465ee728b)
Start importing Assets/ThirdParty/JMO Assets/Cartoon FX/Textures/CFX2_T_Star.png using Guid(6952b5f508f55574eaafe2fe79f66d45) Importer(815301076,1909f56bfc062723c751e8b465ee728b)  -> (artifact id: '5d7dc083c5574fd5fc54ee36910db26c') in 0.044330 seconds 
  Import took 0.054156 seconds .

========================================================================
Received Import Request.
  Time since last request: 0.000504 seconds.
  path: Assets/ThirdParty/JMO Assets/Cartoon FX/Textures/CFX2_T_Star Outline.png
  artifactKey: Guid(3ec618feb88d1cc4da88093df65f5795) Importer(815301076,1909f56bfc062723c751e8b465ee728b)
Start importing Assets/ThirdParty/JMO Assets/Cartoon FX/Textures/CFX2_T_Star Outline.png using Guid(3ec618feb88d1cc4da88093df65f5795) Importer(815301076,1909f56bfc062723c751e8b465ee728b)  -> (artifact id: 'cc455826467d4545d8767b9809dac97d') in 0.050875 seconds 
  Import took 0.059679 seconds .

========================================================================
Received Import Request.
  Time since last request: 0.000389 seconds.
  path: Assets/ThirdParty/JMO Assets/Cartoon FX/Textures/CFX2_T_WWSmoke Glow AB.tga
  artifactKey: Guid(cb1e9236f4c5c7d47b900b5f0026b10f) Importer(815301076,1909f56bfc062723c751e8b465ee728b)
Start importing Assets/ThirdParty/JMO Assets/Cartoon FX/Textures/CFX2_T_WWSmoke Glow AB.tga using Guid(cb1e9236f4c5c7d47b900b5f0026b10f) Importer(815301076,1909f56bfc062723c751e8b465ee728b)  -> (artifact id: '92172976296cad91a4e3db28f3c909d5') in 0.041708 seconds 
  Import took 0.053948 seconds .

========================================================================
Received Import Request.
  Time since last request: 0.000470 seconds.
  path: Assets/ThirdParty/JMO Assets/Cartoon FX/Textures/CFX2_T_WWInvSmoke2 AB.png
  artifactKey: Guid(d1df5e260d03bda4fb1f5e2b6c1e0989) Importer(815301076,1909f56bfc062723c751e8b465ee728b)
Start importing Assets/ThirdParty/JMO Assets/Cartoon FX/Textures/CFX2_T_WWInvSmoke2 AB.png using Guid(d1df5e260d03bda4fb1f5e2b6c1e0989) Importer(815301076,1909f56bfc062723c751e8b465ee728b)  -> (artifact id: '5904252ce5630d94ea29ac2204a53985') in 0.040224 seconds 
  Import took 0.050864 seconds .

========================================================================
Received Import Request.
  Time since last request: 0.000449 seconds.
  path: Assets/ThirdParty/JMO Assets/Cartoon FX/Textures/CFX2_T_Wood.tga
  artifactKey: Guid(1b6f6b4520da0a54dbbf54076ba6fb9f) Importer(815301076,1909f56bfc062723c751e8b465ee728b)
Start importing Assets/ThirdParty/JMO Assets/Cartoon FX/Textures/CFX2_T_Wood.tga using Guid(1b6f6b4520da0a54dbbf54076ba6fb9f) Importer(815301076,1909f56bfc062723c751e8b465ee728b)  -> (artifact id: '4faa044d2f36ee2748df830b66c24cc6') in 0.042955 seconds 
  Import took 0.052817 seconds .

========================================================================
Received Import Request.
  Time since last request: 0.000363 seconds.
  path: Assets/ThirdParty/JMO Assets/Cartoon FX/Textures/CFX2_T_WWInvSmoke ABP.png
  artifactKey: Guid(c4e3abfa6e9926248871f8c55bbbc57d) Importer(815301076,1909f56bfc062723c751e8b465ee728b)
Start importing Assets/ThirdParty/JMO Assets/Cartoon FX/Textures/CFX2_T_WWInvSmoke ABP.png using Guid(c4e3abfa6e9926248871f8c55bbbc57d) Importer(815301076,1909f56bfc062723c751e8b465ee728b)  -> (artifact id: '819d7eee2b4cd933bd8ec749dbd3750e') in 0.041919 seconds 
  Import took 0.050234 seconds .

========================================================================
Received Import Request.
  Time since last request: 0.322390 seconds.
  path: Assets/ThirdParty/JMO Assets/Cartoon FX/Demo/UI Canvas/CFX3 Demo Logo.png
  artifactKey: Guid(18a39eb748b6d664eb57f4b97b68bef3) Importer(815301076,1909f56bfc062723c751e8b465ee728b)
Start importing Assets/ThirdParty/JMO Assets/Cartoon FX/Demo/UI Canvas/CFX3 Demo Logo.png using Guid(18a39eb748b6d664eb57f4b97b68bef3) Importer(815301076,1909f56bfc062723c751e8b465ee728b)  -> (artifact id: '4d984990409a7290cb2c01df3a4c7e99') in 0.045333 seconds 
  Import took 0.055762 seconds .

========================================================================
Received Import Request.
  Time since last request: 0.000509 seconds.
  path: Assets/ThirdParty/JMO Assets/Cartoon FX/Textures/CFX3_T_AuraRays.png
  artifactKey: Guid(7bb9dadd2444bf3439822eed5645b2a0) Importer(815301076,1909f56bfc062723c751e8b465ee728b)
Start importing Assets/ThirdParty/JMO Assets/Cartoon FX/Textures/CFX3_T_AuraRays.png using Guid(7bb9dadd2444bf3439822eed5645b2a0) Importer(815301076,1909f56bfc062723c751e8b465ee728b)  -> (artifact id: 'ede2ebe33e221bd3f3c7fb4cf97cc259') in 0.045564 seconds 
  Import took 0.055981 seconds .

========================================================================
Received Import Request.
  Time since last request: 0.150888 seconds.
  path: Assets/ThirdParty/JMO Assets/Cartoon FX/Textures/CFX3_T_CircleSoft.png
  artifactKey: Guid(da8f1c2ca73fa7849812d48c57b95295) Importer(815301076,1909f56bfc062723c751e8b465ee728b)
Start importing Assets/ThirdParty/JMO Assets/Cartoon FX/Textures/CFX3_T_CircleSoft.png using Guid(da8f1c2ca73fa7849812d48c57b95295) Importer(815301076,1909f56bfc062723c751e8b465ee728b)  -> (artifact id: '4d50e19ba645b3f66c10637c9719696a') in 0.023756 seconds 
  Import took 0.033367 seconds .

========================================================================
Received Import Request.
  Time since last request: 0.000494 seconds.
  path: Assets/ThirdParty/JMO Assets/Cartoon FX/Textures/CFX3_T_FireSparkle.png
  artifactKey: Guid(52c1a422bfc04b543adc653b160af1e6) Importer(815301076,1909f56bfc062723c751e8b465ee728b)
Start importing Assets/ThirdParty/JMO Assets/Cartoon FX/Textures/CFX3_T_FireSparkle.png using Guid(52c1a422bfc04b543adc653b160af1e6) Importer(815301076,1909f56bfc062723c751e8b465ee728b)  -> (artifact id: 'ce8fb3b17377d5563063731a26307dac') in 0.040103 seconds 
  Import took 0.050048 seconds .

========================================================================
Received Import Request.
  Time since last request: 0.000537 seconds.
  path: Assets/ThirdParty/JMO Assets/Cartoon FX/Textures/CFX3_T_FireBulk.png
  artifactKey: Guid(e6d1dbabd3135d546b6c48db6a6879f3) Importer(815301076,1909f56bfc062723c751e8b465ee728b)
Start importing Assets/ThirdParty/JMO Assets/Cartoon FX/Textures/CFX3_T_FireBulk.png using Guid(e6d1dbabd3135d546b6c48db6a6879f3) Importer(815301076,1909f56bfc062723c751e8b465ee728b)  -> (artifact id: '42b5b0f990035d5006838a965da6c57c') in 0.048107 seconds 
  Import took 0.057809 seconds .

========================================================================
Received Import Request.
  Time since last request: 0.204739 seconds.
  path: Assets/ThirdParty/JMO Assets/Cartoon FX/Textures/CFX3_T_GlowDot.png
  artifactKey: Guid(3deb8633c6b720d42aab1c61a340a3af) Importer(815301076,1909f56bfc062723c751e8b465ee728b)
Start importing Assets/ThirdParty/JMO Assets/Cartoon FX/Textures/CFX3_T_GlowDot.png using Guid(3deb8633c6b720d42aab1c61a340a3af) Importer(815301076,1909f56bfc062723c751e8b465ee728b)  -> (artifact id: '43081f86b9fa0100a8267d5d02749f7c') in 0.035030 seconds 
  Import took 0.044250 seconds .

========================================================================
Received Import Request.
  Time since last request: 0.000501 seconds.
  path: Assets/ThirdParty/JMO Assets/Cartoon FX/Textures/CFX3_T_GlowStar.png
  artifactKey: Guid(91d3d754c3f2ed742b805399cbbbe0e9) Importer(815301076,1909f56bfc062723c751e8b465ee728b)
Start importing Assets/ThirdParty/JMO Assets/Cartoon FX/Textures/CFX3_T_GlowStar.png using Guid(91d3d754c3f2ed742b805399cbbbe0e9) Importer(815301076,1909f56bfc062723c751e8b465ee728b)  -> (artifact id: '32de5d6e8f6396b6b7cb678db997108e') in 0.041361 seconds 
  Import took 0.051237 seconds .

========================================================================
Received Import Request.
  Time since last request: 0.000446 seconds.
  path: Assets/ThirdParty/JMO Assets/Cartoon FX/Textures/CFX3_T_GlowSpike.png
  artifactKey: Guid(ef7c6c2563f24da42b7c53853678ae82) Importer(815301076,1909f56bfc062723c751e8b465ee728b)
Start importing Assets/ThirdParty/JMO Assets/Cartoon FX/Textures/CFX3_T_GlowSpike.png using Guid(ef7c6c2563f24da42b7c53853678ae82) Importer(815301076,1909f56bfc062723c751e8b465ee728b)  -> (artifact id: '801792c607aa1138f85e54e16a623ddb') in 0.046178 seconds 
  Import took 0.056110 seconds .

========================================================================
Received Import Request.
  Time since last request: 0.000379 seconds.
  path: Assets/ThirdParty/JMO Assets/Cartoon FX/Textures/CFX3_T_HollowCircle.png
  artifactKey: Guid(c3fcf89fb2ad67b4cbfbebbe0e2edd3d) Importer(815301076,1909f56bfc062723c751e8b465ee728b)
Start importing Assets/ThirdParty/JMO Assets/Cartoon FX/Textures/CFX3_T_HollowCircle.png using Guid(c3fcf89fb2ad67b4cbfbebbe0e2edd3d) Importer(815301076,1909f56bfc062723c751e8b465ee728b)  -> (artifact id: '18c1fc923bd414f9686b14ec609a2bbe') in 0.040692 seconds 
  Import took 0.051172 seconds .

========================================================================
Received Import Request.
  Time since last request: 0.000386 seconds.
  path: Assets/ThirdParty/JMO Assets/Cartoon FX/Textures/CFX3_T_Leaf.tga
  artifactKey: Guid(5fdc25eb8487e2548bd4bc27b7d11789) Importer(815301076,1909f56bfc062723c751e8b465ee728b)
Start importing Assets/ThirdParty/JMO Assets/Cartoon FX/Textures/CFX3_T_Leaf.tga using Guid(5fdc25eb8487e2548bd4bc27b7d11789) Importer(815301076,1909f56bfc062723c751e8b465ee728b)  -> (artifact id: '33674e6abc1abbafafceb3d216112e77') in 0.039105 seconds 
  Import took 0.048453 seconds .

========================================================================
Received Import Request.
  Time since last request: 0.000863 seconds.
  path: Assets/ThirdParty/JMO Assets/Cartoon FX/Demo/Assets/CFX3_T_Ground.png
  artifactKey: Guid(eaf4a9d9f8ba2d847b4febb8ec639803) Importer(815301076,1909f56bfc062723c751e8b465ee728b)
Start importing Assets/ThirdParty/JMO Assets/Cartoon FX/Demo/Assets/CFX3_T_Ground.png using Guid(eaf4a9d9f8ba2d847b4febb8ec639803) Importer(815301076,1909f56bfc062723c751e8b465ee728b)  -> (artifact id: '23c1687edcd360d68c072272188dab1c') in 0.037674 seconds 
  Import took 0.047050 seconds .

========================================================================
Received Import Request.
  Time since last request: 0.306592 seconds.
  path: Assets/ThirdParty/JMO Assets/Cartoon FX/Textures/CFX3_T_RayStraight.png
  artifactKey: Guid(25fe726fd84d1154790a6f91bccc02c5) Importer(815301076,1909f56bfc062723c751e8b465ee728b)
Start importing Assets/ThirdParty/JMO Assets/Cartoon FX/Textures/CFX3_T_RayStraight.png using Guid(25fe726fd84d1154790a6f91bccc02c5) Importer(815301076,1909f56bfc062723c751e8b465ee728b)  -> (artifact id: '3e9e9778c3b9b6eea1b622d1b743cac7') in 0.039504 seconds 
  Import took 0.048877 seconds .

========================================================================
Received Import Request.
  Time since last request: 0.000505 seconds.
  path: Assets/ThirdParty/JMO Assets/Cartoon FX/Textures/CFX3_T_SmallRay.png
  artifactKey: Guid(0659a2faaee9f7442a45c7ec908dabcb) Importer(815301076,1909f56bfc062723c751e8b465ee728b)
Start importing Assets/ThirdParty/JMO Assets/Cartoon FX/Textures/CFX3_T_SmallRay.png using Guid(0659a2faaee9f7442a45c7ec908dabcb) Importer(815301076,1909f56bfc062723c751e8b465ee728b)  -> (artifact id: 'ec2d8b2c3487135182afc7e926a3bd0c') in 0.026703 seconds 
  Import took 0.036678 seconds .

========================================================================
Received Import Request.
  Time since last request: 0.000450 seconds.
  path: Assets/ThirdParty/JMO Assets/Cartoon FX/Textures/CFX3_T_Skull.png
  artifactKey: Guid(6c1c207199cd6d044858440b08f67726) Importer(815301076,1909f56bfc062723c751e8b465ee728b)
Start importing Assets/ThirdParty/JMO Assets/Cartoon FX/Textures/CFX3_T_Skull.png using Guid(6c1c207199cd6d044858440b08f67726) Importer(815301076,1909f56bfc062723c751e8b465ee728b)  -> (artifact id: 'f8adc40649888b7fc9a1624dd86859b3') in 0.045274 seconds 
  Import took 0.055755 seconds .

========================================================================
Received Import Request.
  Time since last request: 0.000431 seconds.
  path: Assets/ThirdParty/JMO Assets/Cartoon FX/Textures/CFX3_T_SmokePuff.png
  artifactKey: Guid(aff991a95cb92204fa62dffc7e7b6ead) Importer(815301076,1909f56bfc062723c751e8b465ee728b)
Start importing Assets/ThirdParty/JMO Assets/Cartoon FX/Textures/CFX3_T_SmokePuff.png using Guid(aff991a95cb92204fa62dffc7e7b6ead) Importer(815301076,1909f56bfc062723c751e8b465ee728b)  -> (artifact id: '5e53bb3ea6a06fc6b5a54ed1822c35cf') in 0.038694 seconds 
  Import took 0.049154 seconds .

========================================================================
Received Import Request.
  Time since last request: 0.000449 seconds.
  path: Assets/ThirdParty/JMO Assets/Cartoon FX/Textures/CFX4_T_Anim_WiggleLine.png
  artifactKey: Guid(cd895235a201703448c77a2952188cd1) Importer(815301076,1909f56bfc062723c751e8b465ee728b)
Start importing Assets/ThirdParty/JMO Assets/Cartoon FX/Textures/CFX4_T_Anim_WiggleLine.png using Guid(cd895235a201703448c77a2952188cd1) Importer(815301076,1909f56bfc062723c751e8b465ee728b)  -> (artifact id: '6ee9f8329dbf38164240e534438179df') in 0.043853 seconds 
  Import took 0.054299 seconds .

========================================================================
Received Import Request.
  Time since last request: 0.000392 seconds.
  path: Assets/ThirdParty/JMO Assets/Cartoon FX/Demo/UI Canvas/CFX4 Demo Logo.png
  artifactKey: Guid(db8ec42c9f48282458fe93cfc5f48a18) Importer(815301076,1909f56bfc062723c751e8b465ee728b)
Start importing Assets/ThirdParty/JMO Assets/Cartoon FX/Demo/UI Canvas/CFX4 Demo Logo.png using Guid(db8ec42c9f48282458fe93cfc5f48a18) Importer(815301076,1909f56bfc062723c751e8b465ee728b)  -> (artifact id: '2d715563b716f2ed984321d60df54f1f') in 0.043696 seconds 
  Import took 0.054220 seconds .

========================================================================
Received Import Request.
  Time since last request: 0.200628 seconds.
  path: Assets/ThirdParty/JMO Assets/Cartoon FX/Textures/CFX4_T_AuraBubble.png
  artifactKey: Guid(f233a7a5a2c3777498cc5c62b506633a) Importer(815301076,1909f56bfc062723c751e8b465ee728b)
Start importing Assets/ThirdParty/JMO Assets/Cartoon FX/Textures/CFX4_T_AuraBubble.png using Guid(f233a7a5a2c3777498cc5c62b506633a) Importer(815301076,1909f56bfc062723c751e8b465ee728b)  -> (artifact id: '02b41c1702a3ff7bf4e8aef1f1fb86ee') in 0.040041 seconds 
  Import took 0.050065 seconds .

========================================================================
Received Import Request.
  Time since last request: 0.000477 seconds.
  path: Assets/ThirdParty/JMO Assets/Cartoon FX/Textures/CFX4_T_Circle.png
  artifactKey: Guid(b6342c23be279ce4fa9ca506fb0b1b05) Importer(815301076,1909f56bfc062723c751e8b465ee728b)
Start importing Assets/ThirdParty/JMO Assets/Cartoon FX/Textures/CFX4_T_Circle.png using Guid(b6342c23be279ce4fa9ca506fb0b1b05) Importer(815301076,1909f56bfc062723c751e8b465ee728b)  -> (artifact id: '2ceeeca65ff4977675db63b8dac097e4') in 0.041218 seconds 
  Import took 0.050903 seconds .

========================================================================
Received Import Request.
  Time since last request: 0.000484 seconds.
  path: Assets/ThirdParty/JMO Assets/Cartoon FX/Textures/CFX4_T_BubbleSubtle A8.png
  artifactKey: Guid(2b1e7eedd7ee0e84495e702c91bc240a) Importer(815301076,1909f56bfc062723c751e8b465ee728b)
Start importing Assets/ThirdParty/JMO Assets/Cartoon FX/Textures/CFX4_T_BubbleSubtle A8.png using Guid(2b1e7eedd7ee0e84495e702c91bc240a) Importer(815301076,1909f56bfc062723c751e8b465ee728b)  -> (artifact id: 'b1f2946d8aff2a85f7c8a03c3ce191fb') in 0.044065 seconds 
  Import took 0.053469 seconds .

========================================================================
Received Import Request.
  Time since last request: 0.034650 seconds.
  path: Assets/ThirdParty/JMO Assets/Cartoon FX/Textures/CFX4_T_FireBulk AB.png
  artifactKey: Guid(f71f658d2f20fdf42b41170b8319e02d) Importer(815301076,1909f56bfc062723c751e8b465ee728b)
Start importing Assets/ThirdParty/JMO Assets/Cartoon FX/Textures/CFX4_T_FireBulk AB.png using Guid(f71f658d2f20fdf42b41170b8319e02d) Importer(815301076,1909f56bfc062723c751e8b465ee728b)  -> (artifact id: '1bd35a4989798641a49d64d04d80fa83') in 0.034747 seconds 
  Import took 0.043921 seconds .

========================================================================
Received Import Request.
  Time since last request: 0.000433 seconds.
  path: Assets/ThirdParty/JMO Assets/Cartoon FX/Textures/CFX4_T_Foam A8.png
  artifactKey: Guid(9dd1a066ff7a96b4fa6bc237ac8d61e8) Importer(815301076,1909f56bfc062723c751e8b465ee728b)
Start importing Assets/ThirdParty/JMO Assets/Cartoon FX/Textures/CFX4_T_Foam A8.png using Guid(9dd1a066ff7a96b4fa6bc237ac8d61e8) Importer(815301076,1909f56bfc062723c751e8b465ee728b)  -> (artifact id: 'bad2dc3b2bc1875371c93389731e3e44') in 0.040223 seconds 
  Import took 0.049900 seconds .

========================================================================
Received Import Request.
  Time since last request: 0.000441 seconds.
  path: Assets/ThirdParty/JMO Assets/Cartoon FX/Textures/CFX4_T_FireSoft RGB.png
  artifactKey: Guid(4590452e6e05a624c98b4f931f719e56) Importer(815301076,1909f56bfc062723c751e8b465ee728b)
Start importing Assets/ThirdParty/JMO Assets/Cartoon FX/Textures/CFX4_T_FireSoft RGB.png using Guid(4590452e6e05a624c98b4f931f719e56) Importer(815301076,1909f56bfc062723c751e8b465ee728b)  -> (artifact id: 'a47b7fee00e49a2899cf242fe5673b86') in 0.040721 seconds 
  Import took 0.050701 seconds .

========================================================================
Received Import Request.
  Time since last request: 0.340976 seconds.
  path: Assets/ThirdParty/JMO Assets/Cartoon FX/Textures/CFX4_T_GroundDebris AB.png
  artifactKey: Guid(1e3c761df42153c439e30160ebb12adc) Importer(815301076,1909f56bfc062723c751e8b465ee728b)
Start importing Assets/ThirdParty/JMO Assets/Cartoon FX/Textures/CFX4_T_GroundDebris AB.png using Guid(1e3c761df42153c439e30160ebb12adc) Importer(815301076,1909f56bfc062723c751e8b465ee728b)  -> (artifact id: '531fe07eb39946ae26bbc3d772fbb05d') in 0.046514 seconds 
  Import took 0.056519 seconds .

========================================================================
Received Import Request.
  Time since last request: 0.000416 seconds.
  path: Assets/ThirdParty/JMO Assets/Cartoon FX/Textures/CFX4_T_PowHit.png
  artifactKey: Guid(3736d3a30afdf1f4f8a5ba4e289720d3) Importer(815301076,1909f56bfc062723c751e8b465ee728b)
Start importing Assets/ThirdParty/JMO Assets/Cartoon FX/Textures/CFX4_T_PowHit.png using Guid(3736d3a30afdf1f4f8a5ba4e289720d3) Importer(815301076,1909f56bfc062723c751e8b465ee728b)  -> (artifact id: 'efb437f48de2cec3e323776bf3505afa') in 0.042856 seconds 
  Import took 0.052218 seconds .

========================================================================
Received Import Request.
  Time since last request: 0.000434 seconds.
  path: Assets/ThirdParty/JMO Assets/Cartoon FX/Textures/CFX4_T_PaintHit.png
  artifactKey: Guid(9e8ecf28345d6f44d9386600ea414f4d) Importer(815301076,1909f56bfc062723c751e8b465ee728b)
Start importing Assets/ThirdParty/JMO Assets/Cartoon FX/Textures/CFX4_T_PaintHit.png using Guid(9e8ecf28345d6f44d9386600ea414f4d) Importer(815301076,1909f56bfc062723c751e8b465ee728b)  -> (artifact id: '087f561a710381be6260211bb623c637') in 0.041943 seconds 
  Import took 0.052473 seconds .

========================================================================
Received Import Request.
  Time since last request: 0.032689 seconds.
  path: Assets/ThirdParty/JMO Assets/Cartoon FX/Textures/CFX4_T_SmokePuff AB.png
  artifactKey: Guid(c6706155351f6f64cb72882fdc1ca251) Importer(815301076,1909f56bfc062723c751e8b465ee728b)
Start importing Assets/ThirdParty/JMO Assets/Cartoon FX/Textures/CFX4_T_SmokePuff AB.png using Guid(c6706155351f6f64cb72882fdc1ca251) Importer(815301076,1909f56bfc062723c751e8b465ee728b)  -> (artifact id: '1a8f5b6299a6669fd7097dcb23760222') in 0.034612 seconds 
  Import took 0.043150 seconds .

========================================================================
Received Import Request.
  Time since last request: 0.000431 seconds.
  path: Assets/ThirdParty/JMO Assets/Cartoon FX/Textures/CFX4_T_SparksHit.png
  artifactKey: Guid(a90f18bd790c8ec409e2fa3be62f3ee7) Importer(815301076,1909f56bfc062723c751e8b465ee728b)
Start importing Assets/ThirdParty/JMO Assets/Cartoon FX/Textures/CFX4_T_SparksHit.png using Guid(a90f18bd790c8ec409e2fa3be62f3ee7) Importer(815301076,1909f56bfc062723c751e8b465ee728b)  -> (artifact id: '6d16f60b8f7b70c78aa45b91428b1000') in 0.039363 seconds 
  Import took 0.048545 seconds .

========================================================================
Received Import Request.
  Time since last request: 0.000396 seconds.
  path: Assets/ThirdParty/JMO Assets/Cartoon FX/Textures/CFX_ElectricSparkle.png
  artifactKey: Guid(a070c34b838259a4eb4338c1c5b753b3) Importer(815301076,1909f56bfc062723c751e8b465ee728b)
Start importing Assets/ThirdParty/JMO Assets/Cartoon FX/Textures/CFX_ElectricSparkle.png using Guid(a070c34b838259a4eb4338c1c5b753b3) Importer(815301076,1909f56bfc062723c751e8b465ee728b)  -> (artifact id: 'f9a9ea0fe5f354d642117f7a92507cf2') in 0.036630 seconds 
  Import took 0.045069 seconds .

========================================================================
Received Import Request.
  Time since last request: 0.577181 seconds.
  path: Assets/ThirdParty/JMO Assets/Cartoon FX/Textures/CFX_T_Anim4_Bubble.png
  artifactKey: Guid(12d6e56bbf4ac7a419ac250680dfae07) Importer(815301076,1909f56bfc062723c751e8b465ee728b)
Start importing Assets/ThirdParty/JMO Assets/Cartoon FX/Textures/CFX_T_Anim4_Bubble.png using Guid(12d6e56bbf4ac7a419ac250680dfae07) Importer(815301076,1909f56bfc062723c751e8b465ee728b)  -> (artifact id: '548e1c1b0ccf4a852fdb4833964b934e') in 0.037682 seconds 
  Import took 0.046799 seconds .

========================================================================
Received Import Request.
  Time since last request: 0.000468 seconds.
  path: Assets/ThirdParty/JMO Assets/Cartoon FX/Textures/CFX_T_Anim4_RoundedLines.png
  artifactKey: Guid(7987b6791dff098469332588914e2c84) Importer(815301076,1909f56bfc062723c751e8b465ee728b)
Start importing Assets/ThirdParty/JMO Assets/Cartoon FX/Textures/CFX_T_Anim4_RoundedLines.png using Guid(7987b6791dff098469332588914e2c84) Importer(815301076,1909f56bfc062723c751e8b465ee728b)  -> (artifact id: 'd16f8e2b67f74bb14553528851a7bd9d') in 0.040777 seconds 
  Import took 0.050814 seconds .

========================================================================
Received Import Request.
  Time since last request: 0.000420 seconds.
  path: Assets/ThirdParty/JMO Assets/Cartoon FX/Textures/CFX_T_Anim4_Triangle1.png
  artifactKey: Guid(457b1e2e96148da47ac7049226511eff) Importer(815301076,1909f56bfc062723c751e8b465ee728b)
Start importing Assets/ThirdParty/JMO Assets/Cartoon FX/Textures/CFX_T_Anim4_Triangle1.png using Guid(457b1e2e96148da47ac7049226511eff) Importer(815301076,1909f56bfc062723c751e8b465ee728b)  -> (artifact id: 'e6ee25f06a0b1e80f25a450d5949755b') in 0.041759 seconds 
  Import took 0.050999 seconds .

========================================================================
Received Import Request.
  Time since last request: 0.000378 seconds.
  path: Assets/ThirdParty/JMO Assets/Cartoon FX/Textures/CFX_T_Anim8_Triangle2.png
  artifactKey: Guid(398da4b026da3fd4dbe04dfc2ba43f09) Importer(815301076,1909f56bfc062723c751e8b465ee728b)
Start importing Assets/ThirdParty/JMO Assets/Cartoon FX/Textures/CFX_T_Anim8_Triangle2.png using Guid(398da4b026da3fd4dbe04dfc2ba43f09) Importer(815301076,1909f56bfc062723c751e8b465ee728b)  -> (artifact id: '883390dda2112d70e5742b861f43424e') in 0.044056 seconds 
  Import took 0.052872 seconds .

========================================================================
Received Import Request.
  Time since last request: 0.000446 seconds.
  path: Assets/ThirdParty/JMO Assets/Cartoon FX/Textures/CFX_T_Anim4_Triangle3.png
  artifactKey: Guid(7fb1264fc225cf94bbc9edf9ad2b1020) Importer(815301076,1909f56bfc062723c751e8b465ee728b)
Start importing Assets/ThirdParty/JMO Assets/Cartoon FX/Textures/CFX_T_Anim4_Triangle3.png using Guid(7fb1264fc225cf94bbc9edf9ad2b1020) Importer(815301076,1909f56bfc062723c751e8b465ee728b)  -> (artifact id: '07cb1655db3447daf7d7dd82588461ae') in 0.043008 seconds 
  Import took 0.052502 seconds .

========================================================================
Received Import Request.
  Time since last request: 0.000418 seconds.
  path: Assets/ThirdParty/JMO Assets/Cartoon FX/Textures/CFX_T_Anim7_Electricity.png
  artifactKey: Guid(67b0a4cd4c72b86469e7ca179598fcaf) Importer(815301076,1909f56bfc062723c751e8b465ee728b)
Start importing Assets/ThirdParty/JMO Assets/Cartoon FX/Textures/CFX_T_Anim7_Electricity.png using Guid(67b0a4cd4c72b86469e7ca179598fcaf) Importer(815301076,1909f56bfc062723c751e8b465ee728b)  -> (artifact id: '786530f2ae5e357bff83492a219b8869') in 0.038206 seconds 
  Import took 0.047724 seconds .

========================================================================
Received Import Request.
  Time since last request: 0.327150 seconds.
  path: Assets/ThirdParty/JMO Assets/Cartoon FX/Textures/CFX_T_Bolt.png
  artifactKey: Guid(347a4af640f58824d8438fae9b34a012) Importer(815301076,1909f56bfc062723c751e8b465ee728b)
Start importing Assets/ThirdParty/JMO Assets/Cartoon FX/Textures/CFX_T_Bolt.png using Guid(347a4af640f58824d8438fae9b34a012) Importer(815301076,1909f56bfc062723c751e8b465ee728b)  -> (artifact id: '9292a1273447e05ca7d84475ddf142a4') in 0.037281 seconds 
  Import took 0.046618 seconds .

========================================================================
Received Import Request.
  Time since last request: 0.000481 seconds.
  path: Assets/ThirdParty/JMO Assets/Cartoon FX/Textures/CFX_T_Flame1_ABP.tga
  artifactKey: Guid(c05e2ace26b44c34c8012474ae4faf44) Importer(815301076,1909f56bfc062723c751e8b465ee728b)
Start importing Assets/ThirdParty/JMO Assets/Cartoon FX/Textures/CFX_T_Flame1_ABP.tga using Guid(c05e2ace26b44c34c8012474ae4faf44) Importer(815301076,1909f56bfc062723c751e8b465ee728b)  -> (artifact id: '077265629577306fb08896e6a7b1d58d') in 0.045119 seconds 
  Import took 0.055455 seconds .

========================================================================
Received Import Request.
  Time since last request: 0.000400 seconds.
  path: Assets/ThirdParty/JMO Assets/Cartoon FX/Textures/CFX_T_Bubble.png
  artifactKey: Guid(fd5f77db0b1cae745bf2d8b8df194861) Importer(815301076,1909f56bfc062723c751e8b465ee728b)
Start importing Assets/ThirdParty/JMO Assets/Cartoon FX/Textures/CFX_T_Bubble.png using Guid(fd5f77db0b1cae745bf2d8b8df194861) Importer(815301076,1909f56bfc062723c751e8b465ee728b)  -> (artifact id: 'd9bcafaf32c7b180005fc77e285c8060') in 0.045520 seconds 
  Import took 0.055889 seconds .

========================================================================
Received Import Request.
  Time since last request: 0.946511 seconds.
  path: Assets/ThirdParty/JMO Assets/Cartoon FX/Textures/CFX_T_Foam.png
  artifactKey: Guid(c4d5aed015bc1e74f8c8f6329edb4fbb) Importer(815301076,1909f56bfc062723c751e8b465ee728b)
Start importing Assets/ThirdParty/JMO Assets/Cartoon FX/Textures/CFX_T_Foam.png using Guid(c4d5aed015bc1e74f8c8f6329edb4fbb) Importer(815301076,1909f56bfc062723c751e8b465ee728b)  -> (artifact id: 'efe45b3b8c44c6046cca86284e4d8aa5') in 0.049653 seconds 
  Import took 0.058699 seconds .

========================================================================
Received Import Request.
  Time since last request: 0.000493 seconds.
  path: Assets/ThirdParty/JMO Assets/Cartoon FX/Textures/CFX_T_Ray.png
  artifactKey: Guid(2a23c90b6f28bf849a5ac28e2e9e6e41) Importer(815301076,1909f56bfc062723c751e8b465ee728b)
Start importing Assets/ThirdParty/JMO Assets/Cartoon FX/Textures/CFX_T_Ray.png using Guid(2a23c90b6f28bf849a5ac28e2e9e6e41) Importer(815301076,1909f56bfc062723c751e8b465ee728b)  -> (artifact id: '33dce20f4184dc040738bc2317c64134') in 0.045849 seconds 
  Import took 0.054724 seconds .

========================================================================
Received Import Request.
  Time since last request: 0.000528 seconds.
  path: Assets/ThirdParty/JMO Assets/Cartoon FX/Textures/CFX_T_RayRounded.png
  artifactKey: Guid(80afd895097ad144893ad78943aaf475) Importer(815301076,1909f56bfc062723c751e8b465ee728b)
Start importing Assets/ThirdParty/JMO Assets/Cartoon FX/Textures/CFX_T_RayRounded.png using Guid(80afd895097ad144893ad78943aaf475) Importer(815301076,1909f56bfc062723c751e8b465ee728b)  -> (artifact id: '3a2f2fc59df272fe910b667c9f96df67') in 0.025103 seconds 
  Import took 0.034869 seconds .

========================================================================
Received Import Request.
  Time since last request: 0.313393 seconds.
  path: Assets/ThirdParty/JMO Assets/Cartoon FX/Textures/CFX_T_Ripple.png
  artifactKey: Guid(8ac4371e521dca847a52403df09e80d7) Importer(815301076,1909f56bfc062723c751e8b465ee728b)
Start importing Assets/ThirdParty/JMO Assets/Cartoon FX/Textures/CFX_T_Ripple.png using Guid(8ac4371e521dca847a52403df09e80d7) Importer(815301076,1909f56bfc062723c751e8b465ee728b)  -> (artifact id: '0a80cb44aafd0bba9d9b68c2336f7862') in 0.037402 seconds 
  Import took 0.046510 seconds .

========================================================================
Received Import Request.
  Time since last request: 0.000513 seconds.
  path: Assets/ThirdParty/JMO Assets/Cartoon FX/Textures/CFX_T_Smoke_4Frames.tga
  artifactKey: Guid(3d70761f9ae377945a3aad2a3936df5e) Importer(815301076,1909f56bfc062723c751e8b465ee728b)
Start importing Assets/ThirdParty/JMO Assets/Cartoon FX/Textures/CFX_T_Smoke_4Frames.tga using Guid(3d70761f9ae377945a3aad2a3936df5e) Importer(815301076,1909f56bfc062723c751e8b465ee728b)  -> (artifact id: 'e5ac4b700053d3f881a03c0c94edd04c') in 0.041276 seconds 
  Import took 0.051988 seconds .

========================================================================
Received Import Request.
  Time since last request: 0.000502 seconds.
  path: Assets/ThirdParty/JMO Assets/Cartoon FX/Textures/CFX_T_Skull.png
  artifactKey: Guid(a3830d369df2cfc478d7dcdfcf71157c) Importer(815301076,1909f56bfc062723c751e8b465ee728b)
Start importing Assets/ThirdParty/JMO Assets/Cartoon FX/Textures/CFX_T_Skull.png using Guid(a3830d369df2cfc478d7dcdfcf71157c) Importer(815301076,1909f56bfc062723c751e8b465ee728b)  -> (artifact id: '30773713d6d2e355cb4e280293ae4abf') in 0.045063 seconds 
  Import took 0.055434 seconds .

========================================================================
Received Import Request.
  Time since last request: 0.053616 seconds.
  path: Assets/ThirdParty/JMO Assets/Cartoon FX/Textures/CFX_T_SpacedLine.png
  artifactKey: Guid(31ea030e6226b8241a5cfea71dc780f1) Importer(815301076,1909f56bfc062723c751e8b465ee728b)
Start importing Assets/ThirdParty/JMO Assets/Cartoon FX/Textures/CFX_T_SpacedLine.png using Guid(31ea030e6226b8241a5cfea71dc780f1) Importer(815301076,1909f56bfc062723c751e8b465ee728b)  -> (artifact id: '58eec798618c92dd3ad96abdbeb346c0') in 0.036062 seconds 
  Import took 0.044924 seconds .

========================================================================
Received Import Request.
  Time since last request: 0.000389 seconds.
  path: Assets/ThirdParty/JMO Assets/Cartoon FX/Textures/CFX_T_Splash_4Frames.png
  artifactKey: Guid(7756f8f5d53faa5418a5710442015153) Importer(815301076,1909f56bfc062723c751e8b465ee728b)
Start importing Assets/ThirdParty/JMO Assets/Cartoon FX/Textures/CFX_T_Splash_4Frames.png using Guid(7756f8f5d53faa5418a5710442015153) Importer(815301076,1909f56bfc062723c751e8b465ee728b)  -> (artifact id: '1aae4cca64c6357777c5e5e59326c090') in 0.045233 seconds 
  Import took 0.055458 seconds .

========================================================================
Received Import Request.
  Time since last request: 0.000413 seconds.
  path: Assets/ThirdParty/JMO Assets/Cartoon FX/Textures/CFX_T_SpacedSpike.png
  artifactKey: Guid(ebbcc38b2a5a365429d42c1e4c7ebf21) Importer(815301076,1909f56bfc062723c751e8b465ee728b)
Start importing Assets/ThirdParty/JMO Assets/Cartoon FX/Textures/CFX_T_SpacedSpike.png using Guid(ebbcc38b2a5a365429d42c1e4c7ebf21) Importer(815301076,1909f56bfc062723c751e8b465ee728b)  -> (artifact id: '9b65647ef569b5f43914e56600562ae3') in 0.040159 seconds 
  Import took 0.049567 seconds .

========================================================================
Received Import Request.
  Time since last request: 1.195525 seconds.
  path: Assets/ThirdParty/JMO Assets/Cartoon FX/Textures/CFX_T_Star.tga
  artifactKey: Guid(95b22be2b746dff46a95032d1620aae1) Importer(815301076,1909f56bfc062723c751e8b465ee728b)
Start importing Assets/ThirdParty/JMO Assets/Cartoon FX/Textures/CFX_T_Star.tga using Guid(95b22be2b746dff46a95032d1620aae1) Importer(815301076,1909f56bfc062723c751e8b465ee728b)  -> (artifact id: '312e99814d1c76b9156b33f2defd70c4') in 0.038655 seconds 
  Import took 0.047837 seconds .

========================================================================
Received Import Request.
  Time since last request: 0.000424 seconds.
  path: Assets/ThirdParty/JMO Assets/Cartoon FX/Textures/CFX_T_Star Add.png
  artifactKey: Guid(df9dab791d4192b4694f9a442f64b18d) Importer(815301076,1909f56bfc062723c751e8b465ee728b)
Start importing Assets/ThirdParty/JMO Assets/Cartoon FX/Textures/CFX_T_Star Add.png using Guid(df9dab791d4192b4694f9a442f64b18d) Importer(815301076,1909f56bfc062723c751e8b465ee728b)  -> (artifact id: '6659dbbbb85816c0e52f9fde620ee583') in 0.047752 seconds 
  Import took 0.056693 seconds .

========================================================================
Received Import Request.
  Time since last request: 0.000376 seconds.
  path: Assets/ThirdParty/JMO Assets/Cartoon FX/Textures/CFX_T_Text_Boom.tga
  artifactKey: Guid(19af7054766e9ea4789ead0cefad4a77) Importer(815301076,1909f56bfc062723c751e8b465ee728b)
Start importing Assets/ThirdParty/JMO Assets/Cartoon FX/Textures/CFX_T_Text_Boom.tga using Guid(19af7054766e9ea4789ead0cefad4a77) Importer(815301076,1909f56bfc062723c751e8b465ee728b)  -> (artifact id: '306b18c2115aacf82b2c9e0d375335e8') in 0.045800 seconds 
  Import took 0.054836 seconds .

========================================================================
Received Import Request.
  Time since last request: 0.400115 seconds.
  path: Assets/ThirdParty/JMO Assets/Cartoon FX/Textures/CFX_T_Text_HitRandom.tga
  artifactKey: Guid(e4c04f362fa1cc84dbf21d831431e501) Importer(815301076,1909f56bfc062723c751e8b465ee728b)
Start importing Assets/ThirdParty/JMO Assets/Cartoon FX/Textures/CFX_T_Text_HitRandom.tga using Guid(e4c04f362fa1cc84dbf21d831431e501) Importer(815301076,1909f56bfc062723c751e8b465ee728b)  -> (artifact id: '7263c441d61d26972dcb8556b3b2b0d1') in 0.041049 seconds 
  Import took 0.051771 seconds .

========================================================================
Received Import Request.
  Time since last request: 0.000491 seconds.
  path: Assets/ThirdParty/JMO Assets/Cartoon FX/Textures/CFX_T_Text_Woooshh.tga
  artifactKey: Guid(56c9748d4851c9c4bb6455c3c135618a) Importer(815301076,1909f56bfc062723c751e8b465ee728b)
Start importing Assets/ThirdParty/JMO Assets/Cartoon FX/Textures/CFX_T_Text_Woooshh.tga using Guid(56c9748d4851c9c4bb6455c3c135618a) Importer(815301076,1909f56bfc062723c751e8b465ee728b)  -> (artifact id: '61eed40f416763fca78d60e97e036257') in 0.046089 seconds 
  Import took 0.055998 seconds .

========================================================================
Received Import Request.
  Time since last request: 0.000487 seconds.
  path: Assets/ThirdParty/JMO Assets/Cartoon FX/Textures/CFX_T_Text_Poof.tga
  artifactKey: Guid(3d3ef8fe9d00bd54f9a3ff4932e9b8a2) Importer(815301076,1909f56bfc062723c751e8b465ee728b)
Start importing Assets/ThirdParty/JMO Assets/Cartoon FX/Textures/CFX_T_Text_Poof.tga using Guid(3d3ef8fe9d00bd54f9a3ff4932e9b8a2) Importer(815301076,1909f56bfc062723c751e8b465ee728b)  -> (artifact id: '65cbd889696b9660824f4f03e8c4c261') in 0.044728 seconds 
  Import took 0.053895 seconds .

========================================================================
Received Import Request.
  Time since last request: 0.000367 seconds.
  path: Assets/ThirdParty/JMO Assets/Cartoon FX/Textures/CFX_T_Text_Slash.tga
  artifactKey: Guid(44bee328d3c1249409852a4eefaa3491) Importer(815301076,1909f56bfc062723c751e8b465ee728b)
Start importing Assets/ThirdParty/JMO Assets/Cartoon FX/Textures/CFX_T_Text_Slash.tga using Guid(44bee328d3c1249409852a4eefaa3491) Importer(815301076,1909f56bfc062723c751e8b465ee728b)  -> (artifact id: 'a3d7393bd4af24298156c760bfd23ae4') in 0.043382 seconds 
  Import took 0.053072 seconds .

========================================================================
Received Import Request.
  Time since last request: 0.000359 seconds.
  path: Assets/ThirdParty/JMO Assets/Cartoon FX/Textures/CFX_T_Text_Splash.tga
  artifactKey: Guid(990f3a0b28ca04e489890586ecac7906) Importer(815301076,1909f56bfc062723c751e8b465ee728b)
Start importing Assets/ThirdParty/JMO Assets/Cartoon FX/Textures/CFX_T_Text_Splash.tga using Guid(990f3a0b28ca04e489890586ecac7906) Importer(815301076,1909f56bfc062723c751e8b465ee728b)  -> (artifact id: '4b68c2361f35f4e86f75df678cfdfca0') in 0.040591 seconds 
  Import took 0.051089 seconds .

========================================================================
Received Import Request.
  Time since last request: 0.000351 seconds.
  path: Assets/ThirdParty/JMO Assets/Cartoon FX/Textures/CFX_T_Text_Zap.tga
  artifactKey: Guid(46b730a4e94830e4c8c03be7abefe890) Importer(815301076,1909f56bfc062723c751e8b465ee728b)
Start importing Assets/ThirdParty/JMO Assets/Cartoon FX/Textures/CFX_T_Text_Zap.tga using Guid(46b730a4e94830e4c8c03be7abefe890) Importer(815301076,1909f56bfc062723c751e8b465ee728b)  -> (artifact id: 'ae1b5b572ea9df665f3a44292452c9c9') in 0.044391 seconds 
  Import took 0.054637 seconds .

========================================================================
Received Import Request.
  Time since last request: 0.641322 seconds.
  path: Assets/ThirdParty/JMO Assets/Cartoon FX/Textures/CFX_T_Thunderbolt.tga
  artifactKey: Guid(eb4bc05a4546cf24aa08ed814eb2b6f0) Importer(815301076,1909f56bfc062723c751e8b465ee728b)
Start importing Assets/ThirdParty/JMO Assets/Cartoon FX/Textures/CFX_T_Thunderbolt.tga using Guid(eb4bc05a4546cf24aa08ed814eb2b6f0) Importer(815301076,1909f56bfc062723c751e8b465ee728b)  -> (artifact id: 'c49be77d22ee23854ae80e4500d3dab7') in 0.034059 seconds 
  Import took 0.044821 seconds .

========================================================================
Received Import Request.
  Time since last request: 0.000492 seconds.
  path: Assets/ThirdParty/JMO Assets/Cartoon FX/Textures/CFX_T_Tornado.png
  artifactKey: Guid(7fe6e3d4e0d540247a6d1af150194b29) Importer(815301076,1909f56bfc062723c751e8b465ee728b)
Start importing Assets/ThirdParty/JMO Assets/Cartoon FX/Textures/CFX_T_Tornado.png using Guid(7fe6e3d4e0d540247a6d1af150194b29) Importer(815301076,1909f56bfc062723c751e8b465ee728b)  -> (artifact id: '8b763c148b3d312fa7c51f3151443886') in 0.044377 seconds 
  Import took 0.054655 seconds .

========================================================================
Received Import Request.
  Time since last request: 0.000471 seconds.
  path: Assets/ThirdParty/JMO Assets/Cartoon FX/Textures/CFX_T_WhiteCircleSmall.png
  artifactKey: Guid(7b11eec997e4c3044a59e4a2ff710b4e) Importer(815301076,1909f56bfc062723c751e8b465ee728b)
Start importing Assets/ThirdParty/JMO Assets/Cartoon FX/Textures/CFX_T_WhiteCircleSmall.png using Guid(7b11eec997e4c3044a59e4a2ff710b4e) Importer(815301076,1909f56bfc062723c751e8b465ee728b)  -> (artifact id: '10bb467927804281e74b23a1cb6c01e4') in 0.040419 seconds 
  Import took 0.051360 seconds .

========================================================================
Received Import Request.
  Time since last request: 0.000418 seconds.
  path: Assets/ThirdParty/JMO Assets/Cartoon FX/Demo/UI Canvas/CFXFree Demo Logo.png
  artifactKey: Guid(c474936d3f7aa204d8939cbe05170aa5) Importer(815301076,1909f56bfc062723c751e8b465ee728b)
Start importing Assets/ThirdParty/JMO Assets/Cartoon FX/Demo/UI Canvas/CFXFree Demo Logo.png using Guid(c474936d3f7aa204d8939cbe05170aa5) Importer(815301076,1909f56bfc062723c751e8b465ee728b)  -> (artifact id: 'af420e7faa6e29b8980e697514e28ed2') in 0.043097 seconds 
  Import took 0.051108 seconds .

========================================================================
Received Import Request.
  Time since last request: 0.000365 seconds.
  path: Packages/com.unity.probuilder/Content/Material/Textures/Checker.png
  artifactKey: Guid(2b3b02d65d5a24a20a12332c4125d74b) Importer(815301076,1909f56bfc062723c751e8b465ee728b)
Start importing Packages/com.unity.probuilder/Content/Material/Textures/Checker.png using Guid(2b3b02d65d5a24a20a12332c4125d74b) Importer(815301076,1909f56bfc062723c751e8b465ee728b)  -> (artifact id: '4c9fa7256034bdbced6444a77e347b30') in 0.038449 seconds 
  Import took 0.048246 seconds .

========================================================================
Received Import Request.
  Time since last request: 0.000343 seconds.
  path: Packages/com.unity.collab-proxy/Editor/Collaborate/Assets/Icons/choose-mine-dark.png
  artifactKey: Guid(a972d8b163b45d54b89085acf50327e8) Importer(815301076,1909f56bfc062723c751e8b465ee728b)
Start importing Packages/com.unity.collab-proxy/Editor/Collaborate/Assets/Icons/choose-mine-dark.png using Guid(a972d8b163b45d54b89085acf50327e8) Importer(815301076,1909f56bfc062723c751e8b465ee728b)  -> (artifact id: 'ea989aad4092d24f9cc0883276aa59b4') in 0.039216 seconds 
  Import took 0.049876 seconds .

========================================================================
Received Import Request.
  Time since last request: 0.169167 seconds.
  path: Packages/com.unity.collab-proxy/Editor/Collaborate/Assets/Icons/choose-mine-dark@2x.png
  artifactKey: Guid(39c95c5cb14167543b9aa5908c94bb71) Importer(815301076,1909f56bfc062723c751e8b465ee728b)
Start importing Packages/com.unity.collab-proxy/Editor/Collaborate/Assets/Icons/choose-mine-dark@2x.png using Guid(39c95c5cb14167543b9aa5908c94bb71) Importer(815301076,1909f56bfc062723c751e8b465ee728b)  -> (artifact id: 'c69fa4bbbb6aa6dad1bca188d66b29af') in 0.035929 seconds 
  Import took 0.045589 seconds .

========================================================================
Received Import Request.
  Time since last request: 0.000373 seconds.
  path: Packages/com.unity.collab-proxy/Editor/Collaborate/Assets/Icons/choose-mine-light@2x.png
  artifactKey: Guid(1bceea0c53eecc244a50615c7958486d) Importer(815301076,1909f56bfc062723c751e8b465ee728b)
Start importing Packages/com.unity.collab-proxy/Editor/Collaborate/Assets/Icons/choose-mine-light@2x.png using Guid(1bceea0c53eecc244a50615c7958486d) Importer(815301076,1909f56bfc062723c751e8b465ee728b)  -> (artifact id: 'dd483cfbda8e4ecb00c585c7c7115ce0') in 0.041790 seconds 
  Import took 0.051641 seconds .

========================================================================
Received Import Request.
  Time since last request: 0.000474 seconds.
  path: Packages/com.unity.collab-proxy/Editor/Collaborate/Assets/Icons/choose-mine-light.png
  artifactKey: Guid(2c0bdcbf152ceb64ba9b01cc370a9092) Importer(815301076,1909f56bfc062723c751e8b465ee728b)
Start importing Packages/com.unity.collab-proxy/Editor/Collaborate/Assets/Icons/choose-mine-light.png using Guid(2c0bdcbf152ceb64ba9b01cc370a9092) Importer(815301076,1909f56bfc062723c751e8b465ee728b)  -> (artifact id: 'e63b805a05e4ec4a8083b48de066f85f') in 0.041057 seconds 
  Import took 0.049743 seconds .

========================================================================
Received Import Request.
  Time since last request: 0.000323 seconds.
  path: Packages/com.unity.collab-proxy/Editor/Collaborate/Assets/Icons/choose-remote-dark.png
  artifactKey: Guid(289215d22fcafb941b9e25f8609e25b9) Importer(815301076,1909f56bfc062723c751e8b465ee728b)
Start importing Packages/com.unity.collab-proxy/Editor/Collaborate/Assets/Icons/choose-remote-dark.png using Guid(289215d22fcafb941b9e25f8609e25b9) Importer(815301076,1909f56bfc062723c751e8b465ee728b)  -> (artifact id: '4db2b019470e31d8d49025700d530cf2') in 0.040025 seconds 
  Import took 0.049233 seconds .

========================================================================
Received Import Request.
  Time since last request: 0.000445 seconds.
  path: Packages/com.unity.collab-proxy/Editor/Collaborate/Assets/Icons/choose-remote-light.png
  artifactKey: Guid(78f56e873f56d7943aef2a039430732e) Importer(815301076,1909f56bfc062723c751e8b465ee728b)
Start importing Packages/com.unity.collab-proxy/Editor/Collaborate/Assets/Icons/choose-remote-light.png using Guid(78f56e873f56d7943aef2a039430732e) Importer(815301076,1909f56bfc062723c751e8b465ee728b)  -> (artifact id: '2b22f5cbf5462c00ca8a3b92432969d1') in 0.038294 seconds 
  Import took 0.047957 seconds .

========================================================================
Received Import Request.
  Time since last request: 0.000370 seconds.
  path: Packages/com.unity.collab-proxy/Editor/Collaborate/Assets/Icons/choose-remote-dark@2x.png
  artifactKey: Guid(a26232d4d188e4440897131ed223d505) Importer(815301076,1909f56bfc062723c751e8b465ee728b)
Start importing Packages/com.unity.collab-proxy/Editor/Collaborate/Assets/Icons/choose-remote-dark@2x.png using Guid(a26232d4d188e4440897131ed223d505) Importer(815301076,1909f56bfc062723c751e8b465ee728b)  -> (artifact id: '4506e4e50afa5d37535e95f6986b565a') in 0.041179 seconds 
  Import took 0.050247 seconds .

========================================================================
Received Import Request.
  Time since last request: 0.671543 seconds.
  path: Packages/com.unity.collab-proxy/Editor/Collaborate/Assets/Icons/choose-remote-light@2x.png
  artifactKey: Guid(2c8a8b796d0907747a9518f9458b2259) Importer(815301076,1909f56bfc062723c751e8b465ee728b)
Start importing Packages/com.unity.collab-proxy/Editor/Collaborate/Assets/Icons/choose-remote-light@2x.png using Guid(2c8a8b796d0907747a9518f9458b2259) Importer(815301076,1909f56bfc062723c751e8b465ee728b)  -> (artifact id: '5e0eff751a7010bde14239c8b02690fd') in 0.038619 seconds 
  Import took 0.047621 seconds .

========================================================================
Received Import Request.
  Time since last request: 0.000504 seconds.
  path: Packages/com.unity.cinemachine/Editor/EditorResources/Cinemachine_header.tif
  artifactKey: Guid(372fe04232d5ed94d8d71524616c1543) Importer(815301076,1909f56bfc062723c751e8b465ee728b)
Start importing Packages/com.unity.cinemachine/Editor/EditorResources/Cinemachine_header.tif using Guid(372fe04232d5ed94d8d71524616c1543) Importer(815301076,1909f56bfc062723c751e8b465ee728b)  -> (artifact id: '130394edf70b8cf9977e8b5b74984b94') in 0.067763 seconds 
  Import took 0.076235 seconds .

========================================================================
Received Import Request.
  Time since last request: 0.000479 seconds.
  path: Packages/com.unity.probuilder/Content/Icons/Toolbar/Background/Circle-22px_Normal.png
  artifactKey: Guid(5c97f1b8af7a54ebfa287033b3917c45) Importer(815301076,1909f56bfc062723c751e8b465ee728b)
Start importing Packages/com.unity.probuilder/Content/Icons/Toolbar/Background/Circle-22px_Normal.png using Guid(5c97f1b8af7a54ebfa287033b3917c45) Importer(815301076,1909f56bfc062723c751e8b465ee728b)  -> (artifact id: '98a17b90468a8a43e0e336081357d86e') in 0.044358 seconds 
  Import took 0.054045 seconds .

========================================================================
Received Import Request.
  Time since last request: 0.000459 seconds.
  path: Packages/com.unity.probuilder/Content/Icons/Toolbar/Background/Circle-22px_Hover_Light.png
  artifactKey: Guid(bfa9ccc775ca74a1fbd2a39a5efc3f88) Importer(815301076,1909f56bfc062723c751e8b465ee728b)
Start importing Packages/com.unity.probuilder/Content/Icons/Toolbar/Background/Circle-22px_Hover_Light.png using Guid(bfa9ccc775ca74a1fbd2a39a5efc3f88) Importer(815301076,1909f56bfc062723c751e8b465ee728b)  -> (artifact id: '0c6e4f63e71a9b0d0d721742eb449557') in 0.039443 seconds 
  Import took 0.048821 seconds .

========================================================================
Received Import Request.
  Time since last request: 0.000454 seconds.
  path: Packages/com.unity.probuilder/Content/Icons/Toolbar/Background/Circle-22px_Hover.png
  artifactKey: Guid(72e91a236e4c6407ea89236b576032a5) Importer(815301076,1909f56bfc062723c751e8b465ee728b)
Start importing Packages/com.unity.probuilder/Content/Icons/Toolbar/Background/Circle-22px_Hover.png using Guid(72e91a236e4c6407ea89236b576032a5) Importer(815301076,1909f56bfc062723c751e8b465ee728b)  -> (artifact id: '9515db13ca6515624961fbd107f01272') in 0.040687 seconds 
  Import took 0.049831 seconds .

========================================================================
Received Import Request.
  Time since last request: 0.000367 seconds.
  path: Packages/com.unity.render-pipelines.universal/Editor/2D/Resources/Cinemachine.png
  artifactKey: Guid(ec2f01df0bb1bfe459b5562a9e71c8d4) Importer(815301076,1909f56bfc062723c751e8b465ee728b)
Start importing Packages/com.unity.render-pipelines.universal/Editor/2D/Resources/Cinemachine.png using Guid(ec2f01df0bb1bfe459b5562a9e71c8d4) Importer(815301076,1909f56bfc062723c751e8b465ee728b)  -> (artifact id: 'a06319c3e799f9e4e6f17eac5d790049') in 0.042075 seconds 
  Import took 0.051784 seconds .

========================================================================
Received Import Request.
  Time since last request: 0.387025 seconds.
  path: Packages/com.unity.probuilder/Content/Icons/Toolbar/Background/Circle-22px_Normal_Light.png
  artifactKey: Guid(fc9338a00657a4252b020c1e95c03f40) Importer(815301076,1909f56bfc062723c751e8b465ee728b)
Start importing Packages/com.unity.probuilder/Content/Icons/Toolbar/Background/Circle-22px_Normal_Light.png using Guid(fc9338a00657a4252b020c1e95c03f40) Importer(815301076,1909f56bfc062723c751e8b465ee728b)  -> (artifact id: '1ab1af3550203651de11af2f870d85f1') in 0.035973 seconds 
  Import took 0.045053 seconds .

========================================================================
Received Import Request.
  Time since last request: 0.000548 seconds.
  path: Packages/com.unity.probuilder/Content/Icons/Toolbar/Background/Circle-22px_Pressed.png
  artifactKey: Guid(47c61016cb52642a5874516ada0bc94f) Importer(815301076,1909f56bfc062723c751e8b465ee728b)
Start importing Packages/com.unity.probuilder/Content/Icons/Toolbar/Background/Circle-22px_Pressed.png using Guid(47c61016cb52642a5874516ada0bc94f) Importer(815301076,1909f56bfc062723c751e8b465ee728b)  -> (artifact id: 'a8c19c26bdcbb115c6e7de1d903cd271') in 0.042418 seconds 
  Import took 0.051533 seconds .

========================================================================
Received Import Request.
  Time since last request: 0.000542 seconds.
  path: Packages/com.unity.probuilder/Content/Icons/Toolbar/Background/Circle-22px_Pressed_Light.png
  artifactKey: Guid(d82e04feb01304e53908fada3b58aebd) Importer(815301076,1909f56bfc062723c751e8b465ee728b)
Start importing Packages/com.unity.probuilder/Content/Icons/Toolbar/Background/Circle-22px_Pressed_Light.png using Guid(d82e04feb01304e53908fada3b58aebd) Importer(815301076,1909f56bfc062723c751e8b465ee728b)  -> (artifact id: '36c08fb4baa8ebe6919c95435faeeebb') in 0.037765 seconds 
  Import took 0.046633 seconds .

========================================================================
Received Import Request.
  Time since last request: 0.517690 seconds.
  path: Packages/com.unity.collab-proxy/Editor/Collaborate/Assets/Icons/clear-dark.png
  artifactKey: Guid(432426364f0e2474b9817a7e5b9dd1c2) Importer(815301076,1909f56bfc062723c751e8b465ee728b)
Start importing Packages/com.unity.collab-proxy/Editor/Collaborate/Assets/Icons/clear-dark.png using Guid(432426364f0e2474b9817a7e5b9dd1c2) Importer(815301076,1909f56bfc062723c751e8b465ee728b)  -> (artifact id: '785ffb8464da30ad4bd6b76a851489d7') in 0.041169 seconds 
  Import took 0.050875 seconds .

========================================================================
Received Import Request.
  Time since last request: 0.000488 seconds.
  path: Packages/com.unity.collab-proxy/Editor/Collaborate/Assets/Icons/clear-dark@2x.png
  artifactKey: Guid(c98f350e47082844fa2954de4d2d5ff9) Importer(815301076,1909f56bfc062723c751e8b465ee728b)
Start importing Packages/com.unity.collab-proxy/Editor/Collaborate/Assets/Icons/clear-dark@2x.png using Guid(c98f350e47082844fa2954de4d2d5ff9) Importer(815301076,1909f56bfc062723c751e8b465ee728b)  -> (artifact id: 'cddcdbf1654b577f02bcdce8b3da8d75') in 0.038540 seconds 
  Import took 0.047086 seconds .

========================================================================
Received Import Request.
  Time since last request: 0.000497 seconds.
  path: Packages/com.unity.collab-proxy/Editor/Collaborate/Assets/Icons/clear-light.png
  artifactKey: Guid(713aeedbd53e6b848a68d0755e7a2c74) Importer(815301076,1909f56bfc062723c751e8b465ee728b)
Start importing Packages/com.unity.collab-proxy/Editor/Collaborate/Assets/Icons/clear-light.png using Guid(713aeedbd53e6b848a68d0755e7a2c74) Importer(815301076,1909f56bfc062723c751e8b465ee728b)  -> (artifact id: '4f317163ad090bcaea1861c18726443f') in 0.039787 seconds 
  Import took 0.051205 seconds .

========================================================================
Received Import Request.
  Time since last request: 0.540784 seconds.
  path: Packages/com.unity.collab-proxy/Editor/Collaborate/Assets/Icons/clear-light@2x.png
  artifactKey: Guid(c84258b6921bcce45a57f68a07b2143f) Importer(815301076,1909f56bfc062723c751e8b465ee728b)
Start importing Packages/com.unity.collab-proxy/Editor/Collaborate/Assets/Icons/clear-light@2x.png using Guid(c84258b6921bcce45a57f68a07b2143f) Importer(815301076,1909f56bfc062723c751e8b465ee728b)  -> (artifact id: 'd94a89fdf111df08e072a5e50e47fd81') in 0.037556 seconds 
  Import took 0.046373 seconds .

========================================================================
Received Import Request.
  Time since last request: 0.000488 seconds.
  path: Packages/com.unity.cinemachine/Gizmos/cm_logo.png
  artifactKey: Guid(b8ba3923a6094cd48b85425f47fd7450) Importer(815301076,1909f56bfc062723c751e8b465ee728b)
Start importing Packages/com.unity.cinemachine/Gizmos/cm_logo.png using Guid(b8ba3923a6094cd48b85425f47fd7450) Importer(815301076,1909f56bfc062723c751e8b465ee728b)  -> (artifact id: '654250ecdbc67450928b7a92fca6c148') in 0.044763 seconds 
  Import took 0.053010 seconds .

========================================================================
Received Import Request.
  Time since last request: 0.000501 seconds.
  path: Packages/com.unity.cinemachine/Editor/EditorResources/cm_logo_sm.png
  artifactKey: Guid(5f2a108eb023faf43a809979fd3d38f2) Importer(815301076,1909f56bfc062723c751e8b465ee728b)
Start importing Packages/com.unity.cinemachine/Editor/EditorResources/cm_logo_sm.png using Guid(5f2a108eb023faf43a809979fd3d38f2) Importer(815301076,1909f56bfc062723c751e8b465ee728b)  -> (artifact id: '14d568f85cfa8b80b956dbe9f56ebd1d') in 0.029774 seconds 
  Import took 0.040087 seconds .

========================================================================
Received Import Request.
  Time since last request: 0.010701 seconds.
  path: Assets/UI/Menus/MainMenu/Market/sprites/coin icon.png
  artifactKey: Guid(54d5ee392b2cb12489c859e5326718a9) Importer(815301076,1909f56bfc062723c751e8b465ee728b)
Start importing Assets/UI/Menus/MainMenu/Market/sprites/coin icon.png using Guid(54d5ee392b2cb12489c859e5326718a9) Importer(815301076,1909f56bfc062723c751e8b465ee728b)  -> (artifact id: '8159a27db409f7f254657f1ad7c6b537') in 0.046371 seconds 
  Import took 0.056386 seconds .

========================================================================
Received Import Request.
  Time since last request: 0.000415 seconds.
  path: Packages/com.unity.collab-proxy/Editor/Collaborate/Assets/Icons/collaborate-available-changes-dark.png
  artifactKey: Guid(07ab2758fd6b77141ae34a703972f385) Importer(815301076,1909f56bfc062723c751e8b465ee728b)
Start importing Packages/com.unity.collab-proxy/Editor/Collaborate/Assets/Icons/collaborate-available-changes-dark.png using Guid(07ab2758fd6b77141ae34a703972f385) Importer(815301076,1909f56bfc062723c751e8b465ee728b)  -> (artifact id: '18b855bbc1d7df190def78ab6dd3b92b') in 0.039740 seconds 
  Import took 0.048541 seconds .

========================================================================
Received Import Request.
  Time since last request: 0.000735 seconds.
  path: Assets/UI/Menus/MainMenu/Market/sprites/coin iconInGame.png
  artifactKey: Guid(fc96253aad702ec4f81c65532f6485fe) Importer(815301076,1909f56bfc062723c751e8b465ee728b)
Start importing Assets/UI/Menus/MainMenu/Market/sprites/coin iconInGame.png using Guid(fc96253aad702ec4f81c65532f6485fe) Importer(815301076,1909f56bfc062723c751e8b465ee728b)  -> (artifact id: 'c75fa6f13fee5fd68b1ebfa56a466348') in 0.047303 seconds 
  Import took 0.056682 seconds .

========================================================================
Received Import Request.
  Time since last request: 0.260473 seconds.
  path: Packages/com.unity.collab-proxy/Editor/Collaborate/Assets/Icons/collaborate-available-changes-dark@2x.png
  artifactKey: Guid(1a2cea5a396ff5d4a8f740bd5d8726b0) Importer(815301076,1909f56bfc062723c751e8b465ee728b)
Start importing Packages/com.unity.collab-proxy/Editor/Collaborate/Assets/Icons/collaborate-available-changes-dark@2x.png using Guid(1a2cea5a396ff5d4a8f740bd5d8726b0) Importer(815301076,1909f56bfc062723c751e8b465ee728b)  -> (artifact id: 'b911bafe5f5319a149671d13642e0abb') in 0.037898 seconds 
  Import took 0.047818 seconds .

========================================================================
Received Import Request.
  Time since last request: 0.000497 seconds.
  path: Packages/com.unity.collab-proxy/Editor/Collaborate/Assets/Icons/collaborate-available-changes-light@2x.png
  artifactKey: Guid(8478a99d8fb61c94ba938c3034d449c6) Importer(815301076,1909f56bfc062723c751e8b465ee728b)
Start importing Packages/com.unity.collab-proxy/Editor/Collaborate/Assets/Icons/collaborate-available-changes-light@2x.png using Guid(8478a99d8fb61c94ba938c3034d449c6) Importer(815301076,1909f56bfc062723c751e8b465ee728b)  -> (artifact id: '3104ebd7f19ea7b45b0411d4c5301d51') in 0.041024 seconds 
  Import took 0.050853 seconds .

========================================================================
Received Import Request.
  Time since last request: 0.000485 seconds.
  path: Packages/com.unity.collab-proxy/Editor/Collaborate/Assets/Icons/collaborate-dark@2x.png
  artifactKey: Guid(158d9c687149a0e499002e08c9420c70) Importer(815301076,1909f56bfc062723c751e8b465ee728b)
Start importing Packages/com.unity.collab-proxy/Editor/Collaborate/Assets/Icons/collaborate-dark@2x.png using Guid(158d9c687149a0e499002e08c9420c70) Importer(815301076,1909f56bfc062723c751e8b465ee728b)  -> (artifact id: '73818e244b2ec2c42cb8ad9ca9635ace') in 0.039274 seconds 
  Import took 0.049600 seconds .

========================================================================
Received Import Request.
  Time since last request: 0.000458 seconds.
  path: Packages/com.unity.collab-proxy/Editor/Collaborate/Assets/Icons/collaborate-dark.png
  artifactKey: Guid(8558913fe46542045b38c8f97ef8546a) Importer(815301076,1909f56bfc062723c751e8b465ee728b)
Start importing Packages/com.unity.collab-proxy/Editor/Collaborate/Assets/Icons/collaborate-dark.png using Guid(8558913fe46542045b38c8f97ef8546a) Importer(815301076,1909f56bfc062723c751e8b465ee728b)  -> (artifact id: '5da8be28ee93cd529ac021fe29f2d164') in 0.038832 seconds 
  Import took 0.048079 seconds .

========================================================================
Received Import Request.
  Time since last request: 0.000459 seconds.
  path: Packages/com.unity.collab-proxy/Editor/Collaborate/Assets/Icons/collaborate-done-dark.png
  artifactKey: Guid(80c31f397a3ab184bae2f0d4b3dc5c1d) Importer(815301076,1909f56bfc062723c751e8b465ee728b)
Start importing Packages/com.unity.collab-proxy/Editor/Collaborate/Assets/Icons/collaborate-done-dark.png using Guid(80c31f397a3ab184bae2f0d4b3dc5c1d) Importer(815301076,1909f56bfc062723c751e8b465ee728b)  -> (artifact id: '5b7164c87bd02e61cb0ef4c7de5627b6') in 0.038190 seconds 
  Import took 0.048203 seconds .

========================================================================
Received Import Request.
  Time since last request: 0.000331 seconds.
  path: Packages/com.unity.collab-proxy/Editor/Collaborate/Assets/Icons/collaborate-available-changes-light.png
  artifactKey: Guid(c27f4e1f2b76b2f45b48df65c02ba338) Importer(815301076,1909f56bfc062723c751e8b465ee728b)
Start importing Packages/com.unity.collab-proxy/Editor/Collaborate/Assets/Icons/collaborate-available-changes-light.png using Guid(c27f4e1f2b76b2f45b48df65c02ba338) Importer(815301076,1909f56bfc062723c751e8b465ee728b)  -> (artifact id: '7d02bc29fbf2ebfd6040aa36c976dfdf') in 0.039814 seconds 
  Import took 0.049592 seconds .

========================================================================
Received Import Request.
  Time since last request: 0.249532 seconds.
  path: Packages/com.unity.collab-proxy/Editor/Collaborate/Assets/Icons/collaborate-done-dark@2x.png
  artifactKey: Guid(fba4512e3548e0548b2cf4f11913e257) Importer(815301076,1909f56bfc062723c751e8b465ee728b)
Start importing Packages/com.unity.collab-proxy/Editor/Collaborate/Assets/Icons/collaborate-done-dark@2x.png using Guid(fba4512e3548e0548b2cf4f11913e257) Importer(815301076,1909f56bfc062723c751e8b465ee728b)  -> (artifact id: '3bc545fb681aa952ba6cf455adba3426') in 0.034682 seconds 
  Import took 0.043628 seconds .

========================================================================
Received Import Request.
  Time since last request: 0.000505 seconds.
  path: Packages/com.unity.collab-proxy/Editor/Collaborate/Assets/Icons/collaborate-done-light.png
  artifactKey: Guid(68d404d4616084f449a3bc644c023f2c) Importer(815301076,1909f56bfc062723c751e8b465ee728b)
Start importing Packages/com.unity.collab-proxy/Editor/Collaborate/Assets/Icons/collaborate-done-light.png using Guid(68d404d4616084f449a3bc644c023f2c) Importer(815301076,1909f56bfc062723c751e8b465ee728b)  -> (artifact id: 'a5623dda73e175f5fbbd5879131667de') in 0.038795 seconds 
  Import took 0.049024 seconds .

========================================================================
Received Import Request.
  Time since last request: 0.000498 seconds.
  path: Packages/com.unity.collab-proxy/Editor/Collaborate/Assets/Icons/collaborate-done-light@2x.png
  artifactKey: Guid(efbf52d7ee1264d478d63a17b943941a) Importer(815301076,1909f56bfc062723c751e8b465ee728b)
Start importing Packages/com.unity.collab-proxy/Editor/Collaborate/Assets/Icons/collaborate-done-light@2x.png using Guid(efbf52d7ee1264d478d63a17b943941a) Importer(815301076,1909f56bfc062723c751e8b465ee728b)  -> (artifact id: '52c3f95f4d5b4d65e291a373826b5c78') in 0.042837 seconds 
  Import took 0.053061 seconds .

========================================================================
Received Import Request.
  Time since last request: 0.236457 seconds.
  path: Packages/com.unity.collab-proxy/Editor/Collaborate/Assets/Icons/collaborate-error-dark.png
  artifactKey: Guid(3eeca90c1ad2c46499941d0901eef4c6) Importer(815301076,1909f56bfc062723c751e8b465ee728b)
Start importing Packages/com.unity.collab-proxy/Editor/Collaborate/Assets/Icons/collaborate-error-dark.png using Guid(3eeca90c1ad2c46499941d0901eef4c6) Importer(815301076,1909f56bfc062723c751e8b465ee728b)  -> (artifact id: '659e9666478aedd659b6e712a4963750') in 0.040134 seconds 
  Import took 0.050109 seconds .

========================================================================
Received Import Request.
  Time since last request: 0.000456 seconds.
  path: Packages/com.unity.collab-proxy/Editor/Collaborate/Assets/Icons/collaborate-error-light.png
  artifactKey: Guid(b08f8cbc53d0bfb45bd2fd1f676d3554) Importer(815301076,1909f56bfc062723c751e8b465ee728b)
Start importing Packages/com.unity.collab-proxy/Editor/Collaborate/Assets/Icons/collaborate-error-light.png using Guid(b08f8cbc53d0bfb45bd2fd1f676d3554) Importer(815301076,1909f56bfc062723c751e8b465ee728b)  -> (artifact id: 'dd7a5c7533f3f9e3a05634cd43cb7ae0') in 0.038692 seconds 
  Import took 0.048146 seconds .

========================================================================
Received Import Request.
  Time since last request: 0.000484 seconds.
  path: Packages/com.unity.collab-proxy/Editor/Collaborate/Assets/Icons/collaborate-error-dark@2x.png
  artifactKey: Guid(0159d5999f4dc4545848ed42cd775ec4) Importer(815301076,1909f56bfc062723c751e8b465ee728b)
Start importing Packages/com.unity.collab-proxy/Editor/Collaborate/Assets/Icons/collaborate-error-dark@2x.png using Guid(0159d5999f4dc4545848ed42cd775ec4) Importer(815301076,1909f56bfc062723c751e8b465ee728b)  -> (artifact id: '8fc91751cbea98b0a25d61ad14ac4d0a') in 0.039142 seconds 
  Import took 0.047800 seconds .

========================================================================
Received Import Request.
  Time since last request: 0.323353 seconds.
  path: Packages/com.unity.collab-proxy/Editor/Collaborate/Assets/Icons/collaborate-error-light@2x.png
  artifactKey: Guid(d41e3a51c74c48847a8eb97a319afda8) Importer(815301076,1909f56bfc062723c751e8b465ee728b)
Start importing Packages/com.unity.collab-proxy/Editor/Collaborate/Assets/Icons/collaborate-error-light@2x.png using Guid(d41e3a51c74c48847a8eb97a319afda8) Importer(815301076,1909f56bfc062723c751e8b465ee728b)  -> (artifact id: '18ea5ba247f182201750b2be45148cbe') in 0.035307 seconds 
  Import took 0.044578 seconds .

========================================================================
Received Import Request.
  Time since last request: 0.000485 seconds.
  path: Packages/com.unity.collab-proxy/Editor/Collaborate/Assets/Icons/collaborate-incoming-dark.png
  artifactKey: Guid(4f1f02bee0a5ae24aac00a40a212299a) Importer(815301076,1909f56bfc062723c751e8b465ee728b)
Start importing Packages/com.unity.collab-proxy/Editor/Collaborate/Assets/Icons/collaborate-incoming-dark.png using Guid(4f1f02bee0a5ae24aac00a40a212299a) Importer(815301076,1909f56bfc062723c751e8b465ee728b)  -> (artifact id: '4d4e9a5aa673674b522f3b411636c4a9') in 0.039101 seconds 
  Import took 0.048875 seconds .

========================================================================
Received Import Request.
  Time since last request: 0.000431 seconds.
  path: Packages/com.unity.collab-proxy/Editor/Collaborate/Assets/Icons/collaborate-incoming-dark@2x.png
  artifactKey: Guid(a9fa02cdd2d760c43a0e69ba0fa49dab) Importer(815301076,1909f56bfc062723c751e8b465ee728b)
Start importing Packages/com.unity.collab-proxy/Editor/Collaborate/Assets/Icons/collaborate-incoming-dark@2x.png using Guid(a9fa02cdd2d760c43a0e69ba0fa49dab) Importer(815301076,1909f56bfc062723c751e8b465ee728b)  -> (artifact id: '4745d377c0a0c9ba87673ae5ea6a0146') in 0.039912 seconds 
  Import took 0.049591 seconds .

========================================================================
Received Import Request.
  Time since last request: 0.235057 seconds.
  path: Packages/com.unity.collab-proxy/Editor/Collaborate/Assets/Icons/collaborate-incoming-light.png
  artifactKey: Guid(0919e5a835eb86343b8b1722ea1d32a8) Importer(815301076,1909f56bfc062723c751e8b465ee728b)
Start importing Packages/com.unity.collab-proxy/Editor/Collaborate/Assets/Icons/collaborate-incoming-light.png using Guid(0919e5a835eb86343b8b1722ea1d32a8) Importer(815301076,1909f56bfc062723c751e8b465ee728b)  -> (artifact id: '3eda4a63939839fff608c85a422f0753') in 0.034419 seconds 
  Import took 0.044594 seconds .

========================================================================
Received Import Request.
  Time since last request: 0.000481 seconds.
  path: Packages/com.unity.collab-proxy/Editor/Collaborate/Assets/Icons/collaborate-incoming-light@2x.png
  artifactKey: Guid(75d22b424580dde41824299bb20d1de1) Importer(815301076,1909f56bfc062723c751e8b465ee728b)
Start importing Packages/com.unity.collab-proxy/Editor/Collaborate/Assets/Icons/collaborate-incoming-light@2x.png using Guid(75d22b424580dde41824299bb20d1de1) Importer(815301076,1909f56bfc062723c751e8b465ee728b)  -> (artifact id: '30159a9e0f31b07a44ea1f0537babee8') in 0.041101 seconds 
  Import took 0.051678 seconds .

========================================================================
Received Import Request.
  Time since last request: 0.000438 seconds.
  path: Packages/com.unity.collab-proxy/Editor/Collaborate/Assets/Icons/collaborate-light.png
  artifactKey: Guid(4466539767d9ee241abcc43eebb52ce3) Importer(815301076,1909f56bfc062723c751e8b465ee728b)
Start importing Packages/com.unity.collab-proxy/Editor/Collaborate/Assets/Icons/collaborate-light.png using Guid(4466539767d9ee241abcc43eebb52ce3) Importer(815301076,1909f56bfc062723c751e8b465ee728b)  -> (artifact id: '905847735b4342dae27d20fe874392f8') in 0.037957 seconds 
  Import took 0.049867 seconds .

========================================================================
Received Import Request.
  Time since last request: 0.000498 seconds.
  path: Packages/com.unity.collab-proxy/Editor/Collaborate/Assets/Icons/collaborate-offline-dark@2x.png
  artifactKey: Guid(c9fb8470579cf8440975e58c5df98216) Importer(815301076,1909f56bfc062723c751e8b465ee728b)
Start importing Packages/com.unity.collab-proxy/Editor/Collaborate/Assets/Icons/collaborate-offline-dark@2x.png using Guid(c9fb8470579cf8440975e58c5df98216) Importer(815301076,1909f56bfc062723c751e8b465ee728b)  -> (artifact id: '4358aea1d351ae3fd4bac701ccdfcc80') in 0.040610 seconds 
  Import took 0.049937 seconds .

========================================================================
Received Import Request.
  Time since last request: 0.000382 seconds.
  path: Packages/com.unity.collab-proxy/Editor/Collaborate/Assets/Icons/collaborate-offline-dark.png
  artifactKey: Guid(594fa102c56c0274db9edabc563d7dcb) Importer(815301076,1909f56bfc062723c751e8b465ee728b)
Start importing Packages/com.unity.collab-proxy/Editor/Collaborate/Assets/Icons/collaborate-offline-dark.png using Guid(594fa102c56c0274db9edabc563d7dcb) Importer(815301076,1909f56bfc062723c751e8b465ee728b)  -> (artifact id: '9e7732aebc307079efffd1a48e18f3d1') in 0.040752 seconds 
  Import took 0.051675 seconds .

========================================================================
Received Import Request.
  Time since last request: 0.000387 seconds.
  path: Packages/com.unity.collab-proxy/Editor/Collaborate/Assets/Icons/collaborate-light@2x.png
  artifactKey: Guid(837c493ae228aaf4d977e9138707008d) Importer(815301076,1909f56bfc062723c751e8b465ee728b)
Start importing Packages/com.unity.collab-proxy/Editor/Collaborate/Assets/Icons/collaborate-light@2x.png using Guid(837c493ae228aaf4d977e9138707008d) Importer(815301076,1909f56bfc062723c751e8b465ee728b)  -> (artifact id: '97c63d56731029b0c6e25e4869b0fbad') in 0.037690 seconds 
  Import took 0.047975 seconds .

========================================================================
Received Import Request.
  Time since last request: 0.134576 seconds.
  path: Packages/com.unity.collab-proxy/Editor/Collaborate/Assets/Icons/collaborate-offline-light.png
  artifactKey: Guid(5baffe5f7a6366344b7819fa35e7e030) Importer(815301076,1909f56bfc062723c751e8b465ee728b)
Start importing Packages/com.unity.collab-proxy/Editor/Collaborate/Assets/Icons/collaborate-offline-light.png using Guid(5baffe5f7a6366344b7819fa35e7e030) Importer(815301076,1909f56bfc062723c751e8b465ee728b)  -> (artifact id: '30896ace476b66eee1ec026b477d40de') in 0.034854 seconds 
  Import took 0.044019 seconds .

========================================================================
Received Import Request.
  Time since last request: 0.000387 seconds.
  path: Packages/com.unity.collab-proxy/Editor/Collaborate/Assets/Icons/collaborate-offline-light@2x.png
  artifactKey: Guid(cabe2c11824b4164984e262821760727) Importer(815301076,1909f56bfc062723c751e8b465ee728b)
Start importing Packages/com.unity.collab-proxy/Editor/Collaborate/Assets/Icons/collaborate-offline-light@2x.png using Guid(cabe2c11824b4164984e262821760727) Importer(815301076,1909f56bfc062723c751e8b465ee728b)  -> (artifact id: '889779b4af40dde68463b6b4348b8c3a') in 0.039411 seconds 
  Import took 0.048521 seconds .

========================================================================
Received Import Request.
  Time since last request: 0.000442 seconds.
  path: Packages/com.unity.collab-proxy/Editor/Collaborate/Assets/Icons/collaborate-progress-dark.png
  artifactKey: Guid(60706f973daf4764e81c846ce1a8e183) Importer(815301076,1909f56bfc062723c751e8b465ee728b)
Start importing Packages/com.unity.collab-proxy/Editor/Collaborate/Assets/Icons/collaborate-progress-dark.png using Guid(60706f973daf4764e81c846ce1a8e183) Importer(815301076,1909f56bfc062723c751e8b465ee728b)  -> (artifact id: 'cbcc33393ad75a6ad34b186a774060d5') in 0.039974 seconds 
  Import took 0.051271 seconds .

========================================================================
Received Import Request.
  Time since last request: 0.261821 seconds.
  path: Packages/com.unity.collab-proxy/Editor/Collaborate/Assets/Icons/collaborate-progress-dark@2x.png
  artifactKey: Guid(116a8defb66aa304d97c1fd15f044486) Importer(815301076,1909f56bfc062723c751e8b465ee728b)
Start importing Packages/com.unity.collab-proxy/Editor/Collaborate/Assets/Icons/collaborate-progress-dark@2x.png using Guid(116a8defb66aa304d97c1fd15f044486) Importer(815301076,1909f56bfc062723c751e8b465ee728b)  -> (artifact id: '9c602951aca88e5ed180e409627684d8') in 0.034626 seconds 
  Import took 0.044124 seconds .

========================================================================
Received Import Request.
  Time since last request: 0.000500 seconds.
  path: Packages/com.unity.collab-proxy/Editor/Collaborate/Assets/Icons/collaborate-progress-light@2x.png
  artifactKey: Guid(ae9e7828f0813b04fbe3f839422b2289) Importer(815301076,1909f56bfc062723c751e8b465ee728b)
Start importing Packages/com.unity.collab-proxy/Editor/Collaborate/Assets/Icons/collaborate-progress-light@2x.png using Guid(ae9e7828f0813b04fbe3f839422b2289) Importer(815301076,1909f56bfc062723c751e8b465ee728b)  -> (artifact id: 'ce484d480ecad0a6d10c3ecad84ae81a') in 0.038323 seconds 
  Import took 0.048780 seconds .

========================================================================
Received Import Request.
  Time since last request: 0.000461 seconds.
  path: Packages/com.unity.collab-proxy/Editor/Collaborate/Assets/Icons/collaborate-progress-light.png
  artifactKey: Guid(98eea3a123f8b4c468b7e43d0ff3c232) Importer(815301076,1909f56bfc062723c751e8b465ee728b)
Start importing Packages/com.unity.collab-proxy/Editor/Collaborate/Assets/Icons/collaborate-progress-light.png using Guid(98eea3a123f8b4c468b7e43d0ff3c232) Importer(815301076,1909f56bfc062723c751e8b465ee728b)  -> (artifact id: '039bc585e3a83d919a36be753cf105ad') in 0.040169 seconds 
  Import took 0.051239 seconds .

========================================================================
Received Import Request.
  Time since last request: 0.185662 seconds.
  path: Packages/com.unity.collab-proxy/Editor/Collaborate/Assets/Icons/collaborate-warning-dark.png
  artifactKey: Guid(0e3edcdf6743ba643999fb3882f1cc15) Importer(815301076,1909f56bfc062723c751e8b465ee728b)
Start importing Packages/com.unity.collab-proxy/Editor/Collaborate/Assets/Icons/collaborate-warning-dark.png using Guid(0e3edcdf6743ba643999fb3882f1cc15) Importer(815301076,1909f56bfc062723c751e8b465ee728b)  -> (artifact id: 'a6e18b0af3aa53f8752cfe1519c51ce3') in 0.042661 seconds 
  Import took 0.052188 seconds .

========================================================================
Received Import Request.
  Time since last request: 0.000482 seconds.
  path: Packages/com.unity.collab-proxy/Editor/Collaborate/Assets/Icons/conflicted-file-dark@2x.png
  artifactKey: Guid(68295f1d2b4db9040ac84ac00d5554a6) Importer(815301076,1909f56bfc062723c751e8b465ee728b)
Start importing Packages/com.unity.collab-proxy/Editor/Collaborate/Assets/Icons/conflicted-file-dark@2x.png using Guid(68295f1d2b4db9040ac84ac00d5554a6) Importer(815301076,1909f56bfc062723c751e8b465ee728b)  -> (artifact id: '31fd92b0f52666ae1c32e7d657a21a50') in 0.042389 seconds 
  Import took 0.052010 seconds .

========================================================================
Received Import Request.
  Time since last request: 0.000404 seconds.
  path: Packages/com.unity.collab-proxy/Editor/Collaborate/Assets/Icons/conflicted-file-dark.png
  artifactKey: Guid(16b10562fce5a0f4794872a75d897cc9) Importer(815301076,1909f56bfc062723c751e8b465ee728b)
Start importing Packages/com.unity.collab-proxy/Editor/Collaborate/Assets/Icons/conflicted-file-dark.png using Guid(16b10562fce5a0f4794872a75d897cc9) Importer(815301076,1909f56bfc062723c751e8b465ee728b)  -> (artifact id: '234bc4268a7c6735439f3722741b2b1a') in 0.040291 seconds 
  Import took 0.049238 seconds .

========================================================================
Received Import Request.
  Time since last request: 0.000405 seconds.
  path: Packages/com.unity.collab-proxy/Editor/Collaborate/Assets/Icons/collaborate-warning-dark@2x.png
  artifactKey: Guid(45308e2aea842dd4e87bb30395d6e303) Importer(815301076,1909f56bfc062723c751e8b465ee728b)
Start importing Packages/com.unity.collab-proxy/Editor/Collaborate/Assets/Icons/collaborate-warning-dark@2x.png using Guid(45308e2aea842dd4e87bb30395d6e303) Importer(815301076,1909f56bfc062723c751e8b465ee728b)  -> (artifact id: '31d0734bac4be7bc1294dd0aac9cd82d') in 0.039035 seconds 
  Import took 0.048729 seconds .

========================================================================
Received Import Request.
  Time since last request: 0.000425 seconds.
  path: Packages/com.unity.collab-proxy/Editor/Collaborate/Assets/Icons/collaborate-warning-light.png
  artifactKey: Guid(1e80543db0ef9494a9c1777f01e1a4a0) Importer(815301076,1909f56bfc062723c751e8b465ee728b)
Start importing Packages/com.unity.collab-proxy/Editor/Collaborate/Assets/Icons/collaborate-warning-light.png using Guid(1e80543db0ef9494a9c1777f01e1a4a0) Importer(815301076,1909f56bfc062723c751e8b465ee728b)  -> (artifact id: '54a716373487ed6e7d28121046f18cec') in 0.037961 seconds 
  Import took 0.047678 seconds .

========================================================================
Received Import Request.
  Time since last request: 0.000395 seconds.
  path: Packages/com.unity.collab-proxy/Editor/Collaborate/Assets/Icons/collaborate-warning-light@2x.png
  artifactKey: Guid(02fa233a818899d48a2d3e68a68b23b6) Importer(815301076,1909f56bfc062723c751e8b465ee728b)
Start importing Packages/com.unity.collab-proxy/Editor/Collaborate/Assets/Icons/collaborate-warning-light@2x.png using Guid(02fa233a818899d48a2d3e68a68b23b6) Importer(815301076,1909f56bfc062723c751e8b465ee728b)  -> (artifact id: '7623454c1153af1d26428cb2d6c5877b') in 0.041797 seconds 
  Import took 0.052923 seconds .

========================================================================
Received Import Request.
  Time since last request: 0.046886 seconds.
  path: Packages/com.unity.collab-proxy/Editor/Collaborate/Assets/Icons/conflicted-file-light.png
  artifactKey: Guid(159b6ffcecc70b54a991cab02c8be883) Importer(815301076,1909f56bfc062723c751e8b465ee728b)
Start importing Packages/com.unity.collab-proxy/Editor/Collaborate/Assets/Icons/conflicted-file-light.png using Guid(159b6ffcecc70b54a991cab02c8be883) Importer(815301076,1909f56bfc062723c751e8b465ee728b)  -> (artifact id: '8c1632e496541427703d7fe8626abc7e') in 0.038382 seconds 
  Import took 0.048525 seconds .

========================================================================
Received Import Request.
  Time since last request: 0.000351 seconds.
  path: Packages/com.unity.collab-proxy/Editor/Collaborate/Assets/Icons/conflicted-file-light@2x.png
  artifactKey: Guid(0365b40fda51ad5499dfe50b036adb1b) Importer(815301076,1909f56bfc062723c751e8b465ee728b)
Start importing Packages/com.unity.collab-proxy/Editor/Collaborate/Assets/Icons/conflicted-file-light@2x.png using Guid(0365b40fda51ad5499dfe50b036adb1b) Importer(815301076,1909f56bfc062723c751e8b465ee728b)  -> (artifact id: '1cc65904afce23186b26228e62cc31b2') in 0.037225 seconds 
  Import took 0.047709 seconds .

========================================================================
Received Import Request.
  Time since last request: 0.000453 seconds.
  path: Packages/com.unity.render-pipelines.core/Editor/LookDev/Icons/d_Add.png
  artifactKey: Guid(160b197aba549514286b94426ceae589) Importer(815301076,1909f56bfc062723c751e8b465ee728b)
Start importing Packages/com.unity.render-pipelines.core/Editor/LookDev/Icons/d_Add.png using Guid(160b197aba549514286b94426ceae589) Importer(815301076,1909f56bfc062723c751e8b465ee728b)  -> (artifact id: '768a9d8bad14fe57ffc0b768b7ec0d6b') in 0.048155 seconds 
  Import took 0.057051 seconds .

========================================================================
Received Import Request.
  Time since last request: 0.086541 seconds.
  path: Packages/com.unity.render-pipelines.core/Editor/LookDev/Icons/d_Add@2x.png
  artifactKey: Guid(daa49a1f06460a04b9827dd6f0bace08) Importer(815301076,1909f56bfc062723c751e8b465ee728b)
Start importing Packages/com.unity.render-pipelines.core/Editor/LookDev/Icons/d_Add@2x.png using Guid(daa49a1f06460a04b9827dd6f0bace08) Importer(815301076,1909f56bfc062723c751e8b465ee728b)  -> (artifact id: 'a4ad5ede595ad5a23e1009d44e95ce08') in 0.042203 seconds 
  Import took 0.052958 seconds .

========================================================================
Received Import Request.
  Time since last request: 0.000489 seconds.
  path: Packages/com.unity.collab-proxy/Editor/PlasticSCM/Assets/Images/d_buttonssosigninemail.png
  artifactKey: Guid(3086d66a563317b40a20a20da2c64ac0) Importer(815301076,1909f56bfc062723c751e8b465ee728b)
Start importing Packages/com.unity.collab-proxy/Editor/PlasticSCM/Assets/Images/d_buttonssosigninemail.png using Guid(3086d66a563317b40a20a20da2c64ac0) Importer(815301076,1909f56bfc062723c751e8b465ee728b)  -> (artifact id: 'ea197029a91a2f2012677869ba3b5ea3') in 0.047933 seconds 
  Import took 0.059350 seconds .

========================================================================
Received Import Request.
  Time since last request: 0.000382 seconds.
  path: Packages/com.unity.collab-proxy/Editor/PlasticSCM/Assets/Images/d_buttonssosigninemail@2x.png
  artifactKey: Guid(144aa74618b85974a9a50f612c2fa8fd) Importer(815301076,1909f56bfc062723c751e8b465ee728b)
Start importing Packages/com.unity.collab-proxy/Editor/PlasticSCM/Assets/Images/d_buttonssosigninemail@2x.png using Guid(144aa74618b85974a9a50f612c2fa8fd) Importer(815301076,1909f56bfc062723c751e8b465ee728b)  -> (artifact id: 'bd1dffd80747b45fd2b83b0bdc758395') in 0.048300 seconds 
  Import took 0.060017 seconds .

========================================================================
Received Import Request.
  Time since last request: 0.000470 seconds.
  path: Packages/com.unity.render-pipelines.core/Editor/LookDev/Icons/d_Camera1.png
  artifactKey: Guid(56c35c86bb44b0e4e84a22db56968157) Importer(815301076,1909f56bfc062723c751e8b465ee728b)
Start importing Packages/com.unity.render-pipelines.core/Editor/LookDev/Icons/d_Camera1.png using Guid(56c35c86bb44b0e4e84a22db56968157) Importer(815301076,1909f56bfc062723c751e8b465ee728b)  -> (artifact id: 'b00e45f78ab3055edee488a96d131af6') in 0.049832 seconds 
  Import took 0.059151 seconds .

========================================================================
Received Import Request.
  Time since last request: 0.000323 seconds.
  path: Packages/com.unity.render-pipelines.core/Editor/LookDev/Icons/d_Camera1@2x.png
  artifactKey: Guid(603d01d730be24147adda7897e463598) Importer(815301076,1909f56bfc062723c751e8b465ee728b)
Start importing Packages/com.unity.render-pipelines.core/Editor/LookDev/Icons/d_Camera1@2x.png using Guid(603d01d730be24147adda7897e463598) Importer(815301076,1909f56bfc062723c751e8b465ee728b)  -> (artifact id: 'd4772954f1a4ef25e403ce462eea2057') in 0.049080 seconds 
  Import took 0.058599 seconds .

========================================================================
Received Import Request.
  Time since last request: 0.000364 seconds.
  path: Packages/com.unity.render-pipelines.core/Editor/LookDev/Icons/d_Camera2.png
  artifactKey: Guid(281160d54742cbb44a88a61bf8ccfb16) Importer(815301076,1909f56bfc062723c751e8b465ee728b)
Start importing Packages/com.unity.render-pipelines.core/Editor/LookDev/Icons/d_Camera2.png using Guid(281160d54742cbb44a88a61bf8ccfb16) Importer(815301076,1909f56bfc062723c751e8b465ee728b)  -> (artifact id: '47e75a5d1e321450b135add2e95d02f0') in 0.047973 seconds 
  Import took 0.056855 seconds .

========================================================================
Received Import Request.
  Time since last request: 0.006865 seconds.
  path: Packages/com.unity.render-pipelines.core/Editor/LookDev/Icons/d_Camera2@2x.png
  artifactKey: Guid(99d7e777338ab8f4ba890cc738794dba) Importer(815301076,1909f56bfc062723c751e8b465ee728b)
Start importing Packages/com.unity.render-pipelines.core/Editor/LookDev/Icons/d_Camera2@2x.png using Guid(99d7e777338ab8f4ba890cc738794dba) Importer(815301076,1909f56bfc062723c751e8b465ee728b)  -> (artifact id: 'ec36b2bbe38d30faeb5fa31979a9a9c2') in 0.048276 seconds 
  Import took 0.058239 seconds .

========================================================================
Received Import Request.
  Time since last request: 0.000338 seconds.
  path: Packages/com.unity.render-pipelines.core/Editor/LookDev/Icons/d_CenterLight@2x.png
  artifactKey: Guid(a14e6ee680df42f4c99bf69bc3d6b9ca) Importer(815301076,1909f56bfc062723c751e8b465ee728b)
Start importing Packages/com.unity.render-pipelines.core/Editor/LookDev/Icons/d_CenterLight@2x.png using Guid(a14e6ee680df42f4c99bf69bc3d6b9ca) Importer(815301076,1909f56bfc062723c751e8b465ee728b)  -> (artifact id: 'f078c503aca4aa304da25cf13146da41') in 0.048819 seconds 
  Import took 0.057536 seconds .

========================================================================
Received Import Request.
  Time since last request: 0.000340 seconds.
  path: Packages/com.unity.render-pipelines.core/Editor/LookDev/Icons/d_CenterLight.png
  artifactKey: Guid(fca3bc21b4600e04faaddb69c5fad81e) Importer(815301076,1909f56bfc062723c751e8b465ee728b)
Start importing Packages/com.unity.render-pipelines.core/Editor/LookDev/Icons/d_CenterLight.png using Guid(fca3bc21b4600e04faaddb69c5fad81e) Importer(815301076,1909f56bfc062723c751e8b465ee728b)  -> (artifact id: '01f22ed2cc48b557dac76fc63a720019') in 0.045967 seconds 
  Import took 0.053649 seconds .

========================================================================
Received Import Request.
  Time since last request: 0.112413 seconds.
  path: Packages/com.unity.collab-proxy/Editor/PlasticSCM/Assets/Images/d_cloudbuho.png
  artifactKey: Guid(e5600378dd761e64d9423790c482bf36) Importer(815301076,1909f56bfc062723c751e8b465ee728b)
Start importing Packages/com.unity.collab-proxy/Editor/PlasticSCM/Assets/Images/d_cloudbuho.png using Guid(e5600378dd761e64d9423790c482bf36) Importer(815301076,1909f56bfc062723c751e8b465ee728b)  -> (artifact id: '7e6b75e28a397b321c0bb4f363265648') in 0.053223 seconds 
  Import took 0.064222 seconds .

========================================================================
Received Import Request.
  Time since last request: 0.000451 seconds.
  path: Packages/com.unity.collab-proxy/Editor/PlasticSCM/Assets/Images/d_cloudbuhoshechristmas.png
  artifactKey: Guid(9c0d6ec706e01ce448aea81584af092b) Importer(815301076,1909f56bfc062723c751e8b465ee728b)
Start importing Packages/com.unity.collab-proxy/Editor/PlasticSCM/Assets/Images/d_cloudbuhoshechristmas.png using Guid(9c0d6ec706e01ce448aea81584af092b) Importer(815301076,1909f56bfc062723c751e8b465ee728b)  -> (artifact id: '8af02d47d53e07d34c0f112a1b60885e') in 0.057318 seconds 
  Import took 0.066731 seconds .

========================================================================
Received Import Request.
  Time since last request: 0.000425 seconds.
  path: Packages/com.unity.collab-proxy/Editor/PlasticSCM/Assets/Images/d_colorbuhochristmas.png
  artifactKey: Guid(fd098fb4cf57bad419701c802e442b7e) Importer(815301076,1909f56bfc062723c751e8b465ee728b)
Start importing Packages/com.unity.collab-proxy/Editor/PlasticSCM/Assets/Images/d_colorbuhochristmas.png using Guid(fd098fb4cf57bad419701c802e442b7e) Importer(815301076,1909f56bfc062723c751e8b465ee728b)  -> (artifact id: '6eb8d8286c93860d5971c65402868da2') in 0.052995 seconds 
  Import took 0.061810 seconds .

========================================================================
Received Import Request.
  Time since last request: 0.000424 seconds.
  path: Packages/com.unity.collab-proxy/Editor/PlasticSCM/Assets/Images/d_colorbuho.png
  artifactKey: Guid(3a0c527d7f890d64a9b56b086e6e766a) Importer(815301076,1909f56bfc062723c751e8b465ee728b)
Start importing Packages/com.unity.collab-proxy/Editor/PlasticSCM/Assets/Images/d_colorbuho.png using Guid(3a0c527d7f890d64a9b56b086e6e766a) Importer(815301076,1909f56bfc062723c751e8b465ee728b)  -> (artifact id: 'ac9d41ab3f041cb45beb8bc72a8771e0') in 0.054439 seconds 
  Import took 0.064583 seconds .

========================================================================
Received Import Request.
  Time since last request: 0.000430 seconds.
  path: Packages/com.unity.collab-proxy/Editor/PlasticSCM/Assets/Images/d_cloudbuhochristmas.png
  artifactKey: Guid(70632ddfe8e71b04b8f90ef7e29a9e98) Importer(815301076,1909f56bfc062723c751e8b465ee728b)
Start importing Packages/com.unity.collab-proxy/Editor/PlasticSCM/Assets/Images/d_cloudbuhochristmas.png using Guid(70632ddfe8e71b04b8f90ef7e29a9e98) Importer(815301076,1909f56bfc062723c751e8b465ee728b)  -> (artifact id: '65d34ce971d9c6fbb8987cf6586e84ef') in 0.053469 seconds 
  Import took 0.062343 seconds .

========================================================================
Received Import Request.
  Time since last request: 0.000423 seconds.
  path: Packages/com.unity.collab-proxy/Editor/PlasticSCM/Assets/Images/d_cloudbuhoshe.png
  artifactKey: Guid(dae33700bd23f76409a80bf78fdb8a42) Importer(815301076,1909f56bfc062723c751e8b465ee728b)
Start importing Packages/com.unity.collab-proxy/Editor/PlasticSCM/Assets/Images/d_cloudbuhoshe.png using Guid(dae33700bd23f76409a80bf78fdb8a42) Importer(815301076,1909f56bfc062723c751e8b465ee728b)  -> (artifact id: '552d4e6d4f639619e2dc9533b5e32a92') in 0.057748 seconds 
  Import took 0.066359 seconds .

========================================================================
Received Import Request.
  Time since last request: 0.000420 seconds.
  path: Packages/com.unity.collab-proxy/Editor/PlasticSCM/Assets/Images/d_colorbuhoshe.png
  artifactKey: Guid(a04ecc9d5e12d5d449077414eb86635e) Importer(815301076,1909f56bfc062723c751e8b465ee728b)
Start importing Packages/com.unity.collab-proxy/Editor/PlasticSCM/Assets/Images/d_colorbuhoshe.png using Guid(a04ecc9d5e12d5d449077414eb86635e) Importer(815301076,1909f56bfc062723c751e8b465ee728b)  -> (artifact id: 'ec691f2624ca4525999a5cc701a8f00d') in 0.056705 seconds 
  Import took 0.066370 seconds .

========================================================================
Received Import Request.
  Time since last request: 0.000409 seconds.
  path: Packages/com.unity.render-pipelines.core/Editor/LookDev/Icons/d_Duplicate@2x.png
  artifactKey: Guid(8ca869dd944d5f54e9ec614b26f10dcb) Importer(815301076,1909f56bfc062723c751e8b465ee728b)
Start importing Packages/com.unity.render-pipelines.core/Editor/LookDev/Icons/d_Duplicate@2x.png using Guid(8ca869dd944d5f54e9ec614b26f10dcb) Importer(815301076,1909f56bfc062723c751e8b465ee728b)  -> (artifact id: '6e5ddeb0465481634d73257f2739a900') in 0.050167 seconds 
  Import took 0.059358 seconds .

========================================================================
Received Import Request.
  Time since last request: 0.000385 seconds.
  path: Packages/com.unity.collab-proxy/Editor/PlasticSCM/Assets/Images/d_colorbuhoshechristmas.png
  artifactKey: Guid(ec03f79379868c642b48ae5ddc821b6d) Importer(815301076,1909f56bfc062723c751e8b465ee728b)
Start importing Packages/com.unity.collab-proxy/Editor/PlasticSCM/Assets/Images/d_colorbuhoshechristmas.png using Guid(ec03f79379868c642b48ae5ddc821b6d) Importer(815301076,1909f56bfc062723c751e8b465ee728b)  -> (artifact id: '8c226594e7a96dd2a49def18c916ff99') in 0.052279 seconds 
  Import took 0.061130 seconds .

========================================================================
Received Import Request.
  Time since last request: 0.000463 seconds.
  path: Packages/com.unity.render-pipelines.core/Editor/LookDev/Icons/d_Environment@2x.png
  artifactKey: Guid(a4638c6b8e07c0b49822ed7a91a96d0a) Importer(815301076,1909f56bfc062723c751e8b465ee728b)
Start importing Packages/com.unity.render-pipelines.core/Editor/LookDev/Icons/d_Environment@2x.png using Guid(a4638c6b8e07c0b49822ed7a91a96d0a) Importer(815301076,1909f56bfc062723c751e8b465ee728b)  -> (artifact id: '0b58d6e2b9bdedb8beb35387fa23af1d') in 0.048013 seconds 
  Import took 0.058109 seconds .

========================================================================
Received Import Request.
  Time since last request: 0.000327 seconds.
  path: Packages/com.unity.render-pipelines.core/Editor/LookDev/Icons/d_Environment.png
  artifactKey: Guid(98cefb354c00bc44cb31fffd52dc4650) Importer(815301076,1909f56bfc062723c751e8b465ee728b)
Start importing Packages/com.unity.render-pipelines.core/Editor/LookDev/Icons/d_Environment.png using Guid(98cefb354c00bc44cb31fffd52dc4650) Importer(815301076,1909f56bfc062723c751e8b465ee728b)  -> (artifact id: '4ceea8460eb5ff20afcc9cb7d14d08b6') in 0.046716 seconds 
  Import took 0.055428 seconds .

========================================================================
Received Import Request.
  Time since last request: 0.000351 seconds.
  path: Packages/com.unity.render-pipelines.core/Editor/LookDev/Icons/d_Duplicate.png
  artifactKey: Guid(0d692588b1d40e9429620400bd5efe63) Importer(815301076,1909f56bfc062723c751e8b465ee728b)
Start importing Packages/com.unity.render-pipelines.core/Editor/LookDev/Icons/d_Duplicate.png using Guid(0d692588b1d40e9429620400bd5efe63) Importer(815301076,1909f56bfc062723c751e8b465ee728b)  -> (artifact id: '8137a34bc6671da60c5fded7e2cfd4f8') in 0.044467 seconds 
  Import took 0.053898 seconds .

========================================================================
Received Import Request.
  Time since last request: 0.199552 seconds.
  path: Packages/com.unity.collab-proxy/Editor/PlasticSCM/Assets/Images/d_expertbuho.png
  artifactKey: Guid(13e7e6fe43a8aa049bcd610bbc1f5ff8) Importer(815301076,1909f56bfc062723c751e8b465ee728b)
Start importing Packages/com.unity.collab-proxy/Editor/PlasticSCM/Assets/Images/d_expertbuho.png using Guid(13e7e6fe43a8aa049bcd610bbc1f5ff8) Importer(815301076,1909f56bfc062723c751e8b465ee728b)  -> (artifact id: '7a0f2209a83090a49eba5b5e134dd0e3') in 0.049477 seconds 
  Import took 0.058895 seconds .

========================================================================
Received Import Request.
  Time since last request: 0.000420 seconds.
  path: Packages/com.unity.collab-proxy/Editor/PlasticSCM/Assets/Images/d_expertbuhoshe.png
  artifactKey: Guid(8325d4ef0a6eb3d43952aff8a06d9f45) Importer(815301076,1909f56bfc062723c751e8b465ee728b)
Start importing Packages/com.unity.collab-proxy/Editor/PlasticSCM/Assets/Images/d_expertbuhoshe.png using Guid(8325d4ef0a6eb3d43952aff8a06d9f45) Importer(815301076,1909f56bfc062723c751e8b465ee728b)  -> (artifact id: '7b02468a4f494498eac5e64a69d3501c') in 0.053813 seconds 
  Import took 0.062659 seconds .

========================================================================
Received Import Request.
  Time since last request: 0.000465 seconds.
  path: Packages/com.unity.collab-proxy/Editor/PlasticSCM/Assets/Images/d_expertbuhochristmas.png
  artifactKey: Guid(c887ed2a931c29040bc544cd8c546e9f) Importer(815301076,1909f56bfc062723c751e8b465ee728b)
Start importing Packages/com.unity.collab-proxy/Editor/PlasticSCM/Assets/Images/d_expertbuhochristmas.png using Guid(c887ed2a931c29040bc544cd8c546e9f) Importer(815301076,1909f56bfc062723c751e8b465ee728b)  -> (artifact id: '84b930c07a15a85aa81e06516cc2a9e0') in 0.052679 seconds 
  Import took 0.063281 seconds .

========================================================================
Received Import Request.
  Time since last request: 0.233870 seconds.
  path: Packages/com.unity.collab-proxy/Editor/PlasticSCM/Assets/Images/d_expertbuhoshechristmas.png
  artifactKey: Guid(372e7b39fc8f34549ac25d8757965a2c) Importer(815301076,1909f56bfc062723c751e8b465ee728b)
Start importing Packages/com.unity.collab-proxy/Editor/PlasticSCM/Assets/Images/d_expertbuhoshechristmas.png using Guid(372e7b39fc8f34549ac25d8757965a2c) Importer(815301076,1909f56bfc062723c751e8b465ee728b)  -> (artifact id: '0ee64560acc7fc2c56d9c821433589ef') in 0.052771 seconds 
  Import took 0.062255 seconds .

========================================================================
Received Import Request.
  Time since last request: 0.000536 seconds.
  path: Packages/com.unity.collab-proxy/Editor/PlasticSCM/Assets/Images/d_genericbuho2.png
  artifactKey: Guid(0f061b4bd0275bc4eb60f2af31e7375a) Importer(815301076,1909f56bfc062723c751e8b465ee728b)
Start importing Packages/com.unity.collab-proxy/Editor/PlasticSCM/Assets/Images/d_genericbuho2.png using Guid(0f061b4bd0275bc4eb60f2af31e7375a) Importer(815301076,1909f56bfc062723c751e8b465ee728b)  -> (artifact id: '29c7456193da357ccb355b71d3137bae') in 0.055387 seconds 
  Import took 0.065929 seconds .

========================================================================
Received Import Request.
  Time since last request: 0.000484 seconds.
  path: Packages/com.unity.collab-proxy/Editor/PlasticSCM/Assets/Images/d_genericbuhochristmas2.png
  artifactKey: Guid(5955491dc8dcecb4a993d9a008cf65a7) Importer(815301076,1909f56bfc062723c751e8b465ee728b)
Start importing Packages/com.unity.collab-proxy/Editor/PlasticSCM/Assets/Images/d_genericbuhochristmas2.png using Guid(5955491dc8dcecb4a993d9a008cf65a7) Importer(815301076,1909f56bfc062723c751e8b465ee728b)  -> (artifact id: 'c6c1e040c975134e2459a96750ab41e1') in 0.051919 seconds 
  Import took 0.061271 seconds .

========================================================================
Received Import Request.
  Time since last request: 0.000387 seconds.
  path: Packages/com.unity.collab-proxy/Editor/PlasticSCM/Assets/Images/d_genericbuhochristmas1.png
  artifactKey: Guid(e36d1a38d7aa309409e80bf66a089330) Importer(815301076,1909f56bfc062723c751e8b465ee728b)
Start importing Packages/com.unity.collab-proxy/Editor/PlasticSCM/Assets/Images/d_genericbuhochristmas1.png using Guid(e36d1a38d7aa309409e80bf66a089330) Importer(815301076,1909f56bfc062723c751e8b465ee728b)  -> (artifact id: '254071253e25b04c4b7ed3ff7d7067f1') in 0.052303 seconds 
  Import took 0.062644 seconds .

========================================================================
Received Import Request.
  Time since last request: 0.000399 seconds.
  path: Packages/com.unity.collab-proxy/Editor/PlasticSCM/Assets/Images/d_genericbuho3.png
  artifactKey: Guid(9e9474494461bd048803b48e391ef0f6) Importer(815301076,1909f56bfc062723c751e8b465ee728b)
Start importing Packages/com.unity.collab-proxy/Editor/PlasticSCM/Assets/Images/d_genericbuho3.png using Guid(9e9474494461bd048803b48e391ef0f6) Importer(815301076,1909f56bfc062723c751e8b465ee728b)  -> (artifact id: '80cedefaddf75f41702010633a853365') in 0.053224 seconds 
  Import took 0.062058 seconds .

========================================================================
Received Import Request.
  Time since last request: 0.000371 seconds.
  path: Packages/com.unity.collab-proxy/Editor/PlasticSCM/Assets/Images/d_genericbuho1.png
  artifactKey: Guid(43ad51e043491b94d8f6c62d55ac5ede) Importer(815301076,1909f56bfc062723c751e8b465ee728b)
Start importing Packages/com.unity.collab-proxy/Editor/PlasticSCM/Assets/Images/d_genericbuho1.png using Guid(43ad51e043491b94d8f6c62d55ac5ede) Importer(815301076,1909f56bfc062723c751e8b465ee728b)  -> (artifact id: '22b97631b3d2a976faa3adfd648b5f72') in 0.050258 seconds 
  Import took 0.058841 seconds .

========================================================================
Received Import Request.
  Time since last request: 0.061290 seconds.
  path: Packages/com.unity.collab-proxy/Editor/PlasticSCM/Assets/Images/d_genericbuhochristmas3.png
  artifactKey: Guid(6fac4e39926fd9c4ca2ba4416160a857) Importer(815301076,1909f56bfc062723c751e8b465ee728b)
Start importing Packages/com.unity.collab-proxy/Editor/PlasticSCM/Assets/Images/d_genericbuhochristmas3.png using Guid(6fac4e39926fd9c4ca2ba4416160a857) Importer(815301076,1909f56bfc062723c751e8b465ee728b)  -> (artifact id: '9c77cf33373d9758736875d1a729db7e') in 0.048574 seconds 
  Import took 0.056928 seconds .

========================================================================
Received Import Request.
  Time since last request: 0.000422 seconds.
  path: Packages/com.unity.collab-proxy/Editor/PlasticSCM/Assets/Images/d_genericbuhoshe1.png
  artifactKey: Guid(f2901efd8bb16bc408ad37f017fbf9bc) Importer(815301076,1909f56bfc062723c751e8b465ee728b)
Start importing Packages/com.unity.collab-proxy/Editor/PlasticSCM/Assets/Images/d_genericbuhoshe1.png using Guid(f2901efd8bb16bc408ad37f017fbf9bc) Importer(815301076,1909f56bfc062723c751e8b465ee728b)  -> (artifact id: '6c2d86a94793256af2b00fbd04d0b89d') in 0.051581 seconds 
  Import took 0.060367 seconds .

========================================================================
Received Import Request.
  Time since last request: 0.000494 seconds.
  path: Packages/com.unity.collab-proxy/Editor/PlasticSCM/Assets/Images/d_genericbuhoshe2.png
  artifactKey: Guid(17035c204825f6340a252046ab6476fd) Importer(815301076,1909f56bfc062723c751e8b465ee728b)
Start importing Packages/com.unity.collab-proxy/Editor/PlasticSCM/Assets/Images/d_genericbuhoshe2.png using Guid(17035c204825f6340a252046ab6476fd) Importer(815301076,1909f56bfc062723c751e8b465ee728b)  -> (artifact id: '7389a349e2a57a8a024385f56c4a4c4a') in 0.052459 seconds 
  Import took 0.062202 seconds .

========================================================================
Received Import Request.
  Time since last request: 0.116472 seconds.
  path: Packages/com.unity.collab-proxy/Editor/PlasticSCM/Assets/Images/d_genericbuhoshe3.png
  artifactKey: Guid(9bb60d9b0987c3747b57516cc172d0c7) Importer(815301076,1909f56bfc062723c751e8b465ee728b)
Start importing Packages/com.unity.collab-proxy/Editor/PlasticSCM/Assets/Images/d_genericbuhoshe3.png using Guid(9bb60d9b0987c3747b57516cc172d0c7) Importer(815301076,1909f56bfc062723c751e8b465ee728b)  -> (artifact id: '045b6678657ec2f5c6523c1a1e8c7b64') in 0.047722 seconds 
  Import took 0.058070 seconds .

========================================================================
Received Import Request.
  Time since last request: 0.000415 seconds.
  path: Packages/com.unity.collab-proxy/Editor/PlasticSCM/Assets/Images/d_iconplasticview.png
  artifactKey: Guid(519d97e745e55f041b609f3666cbc037) Importer(815301076,1909f56bfc062723c751e8b465ee728b)
Start importing Packages/com.unity.collab-proxy/Editor/PlasticSCM/Assets/Images/d_iconplasticview.png using Guid(519d97e745e55f041b609f3666cbc037) Importer(815301076,1909f56bfc062723c751e8b465ee728b)  -> (artifact id: 'e9df03837d2ccd43910ac4dbaf6ef728') in 0.044615 seconds 
  Import took 0.055233 seconds .

========================================================================
Received Import Request.
  Time since last request: 0.000516 seconds.
  path: Packages/com.unity.collab-proxy/Editor/PlasticSCM/Assets/Images/d_iconplasticview@2x.png
  artifactKey: Guid(3168140d6f409d0448447f18568d9482) Importer(815301076,1909f56bfc062723c751e8b465ee728b)
Start importing Packages/com.unity.collab-proxy/Editor/PlasticSCM/Assets/Images/d_iconplasticview@2x.png using Guid(3168140d6f409d0448447f18568d9482) Importer(815301076,1909f56bfc062723c751e8b465ee728b)  -> (artifact id: '977816543492ee2eecccd1c31e4599e0') in 0.043231 seconds 
  Import took 0.052958 seconds .

========================================================================
Received Import Request.
  Time since last request: 0.000365 seconds.
  path: Packages/com.unity.collab-proxy/Editor/PlasticSCM/Assets/Images/d_genericbuhoshechristmas2.png
  artifactKey: Guid(7fd3cda14282bb7429b8eeb6c121e5bb) Importer(815301076,1909f56bfc062723c751e8b465ee728b)
Start importing Packages/com.unity.collab-proxy/Editor/PlasticSCM/Assets/Images/d_genericbuhoshechristmas2.png using Guid(7fd3cda14282bb7429b8eeb6c121e5bb) Importer(815301076,1909f56bfc062723c751e8b465ee728b)  -> (artifact id: '3ba7e5d99c36a13a45d8cc21785ca6c1') in 0.049493 seconds 
  Import took 0.058650 seconds .

========================================================================
Received Import Request.
  Time since last request: 0.000519 seconds.
  path: Packages/com.unity.collab-proxy/Editor/PlasticSCM/Assets/Images/d_genericbuhoshechristmas1.png
  artifactKey: Guid(d98fbe17966d8ef449b25b99024bf36f) Importer(815301076,1909f56bfc062723c751e8b465ee728b)
Start importing Packages/com.unity.collab-proxy/Editor/PlasticSCM/Assets/Images/d_genericbuhoshechristmas1.png using Guid(d98fbe17966d8ef449b25b99024bf36f) Importer(815301076,1909f56bfc062723c751e8b465ee728b)  -> (artifact id: '7b2c5f57a90a3c0d6dfa06af70cfd537') in 0.050690 seconds 
  Import took 0.059291 seconds .

========================================================================
Received Import Request.
  Time since last request: 0.000325 seconds.
  path: Packages/com.unity.collab-proxy/Editor/PlasticSCM/Assets/Images/d_genericbuhoshechristmas3.png
  artifactKey: Guid(f8c9467a892580344bb697526dac0d13) Importer(815301076,1909f56bfc062723c751e8b465ee728b)
Start importing Packages/com.unity.collab-proxy/Editor/PlasticSCM/Assets/Images/d_genericbuhoshechristmas3.png using Guid(f8c9467a892580344bb697526dac0d13) Importer(815301076,1909f56bfc062723c751e8b465ee728b)  -> (artifact id: '7db5f8c531c6b74e852867371b7b582f') in 0.053510 seconds 
  Import took 0.061547 seconds .

========================================================================
Received Import Request.
  Time since last request: 0.000387 seconds.
  path: Packages/com.unity.collab-proxy/Editor/PlasticSCM/Assets/Images/d_iconplasticviewnotify.png
  artifactKey: Guid(df7dbac99fae5444f92b497c52f0ecfb) Importer(815301076,1909f56bfc062723c751e8b465ee728b)
Start importing Packages/com.unity.collab-proxy/Editor/PlasticSCM/Assets/Images/d_iconplasticviewnotify.png using Guid(df7dbac99fae5444f92b497c52f0ecfb) Importer(815301076,1909f56bfc062723c751e8b465ee728b)  -> (artifact id: 'ab890115ac7dd6907f2deee37613a62e') in 0.049884 seconds 
  Import took 0.059257 seconds .

========================================================================
Received Import Request.
  Time since last request: 0.000680 seconds.
  path: Packages/com.unity.collab-proxy/Editor/PlasticSCM/Assets/Images/d_iconplasticviewnotify@2x.png
  artifactKey: Guid(64eb0648ca0d11944a9517d8662508fd) Importer(815301076,1909f56bfc062723c751e8b465ee728b)
Start importing Packages/com.unity.collab-proxy/Editor/PlasticSCM/Assets/Images/d_iconplasticviewnotify@2x.png using Guid(64eb0648ca0d11944a9517d8662508fd) Importer(815301076,1909f56bfc062723c751e8b465ee728b)  -> (artifact id: '54a1be79a0e7dbd345040a73f7a6b18b') in 0.043653 seconds 
  Import took 0.054569 seconds .

========================================================================
Received Import Request.
  Time since last request: 0.000369 seconds.
  path: Packages/com.unity.render-pipelines.core/Editor/LookDev/Icons/d_Layout2.png
  artifactKey: Guid(98b5b3e7c51d32547b9b09232034b5d5) Importer(815301076,1909f56bfc062723c751e8b465ee728b)
Start importing Packages/com.unity.render-pipelines.core/Editor/LookDev/Icons/d_Layout2.png using Guid(98b5b3e7c51d32547b9b09232034b5d5) Importer(815301076,1909f56bfc062723c751e8b465ee728b)  -> (artifact id: '932f8ac7b74ad7e77f46558a5ee285f9') in 0.044619 seconds 
  Import took 0.053323 seconds .

========================================================================
Received Import Request.
  Time since last request: 0.000452 seconds.
  path: Packages/com.unity.render-pipelines.core/Editor/LookDev/Icons/d_LayoutHorizontal.png
  artifactKey: Guid(83cbec96661199e408a744d4c3e586e2) Importer(815301076,1909f56bfc062723c751e8b465ee728b)
Start importing Packages/com.unity.render-pipelines.core/Editor/LookDev/Icons/d_LayoutHorizontal.png using Guid(83cbec96661199e408a744d4c3e586e2) Importer(815301076,1909f56bfc062723c751e8b465ee728b)  -> (artifact id: '17908a8cb2993426fc9895134aa46733') in 0.045113 seconds 
  Import took 0.053944 seconds .

========================================================================
Received Import Request.
  Time since last request: 0.000327 seconds.
  path: Packages/com.unity.render-pipelines.core/Editor/LookDev/Icons/d_Layout1.png
  artifactKey: Guid(da974c4d40533154a83d57ca90e34bb8) Importer(815301076,1909f56bfc062723c751e8b465ee728b)
Start importing Packages/com.unity.render-pipelines.core/Editor/LookDev/Icons/d_Layout1.png using Guid(da974c4d40533154a83d57ca90e34bb8) Importer(815301076,1909f56bfc062723c751e8b465ee728b)  -> (artifact id: 'f5e865af10b48732fb376c278a553b92') in 0.046542 seconds 
  Import took 0.055609 seconds .

========================================================================
Received Import Request.
  Time since last request: 0.000372 seconds.
  path: Packages/com.unity.render-pipelines.core/Editor/LookDev/Icons/d_Layout1@2x.png
  artifactKey: Guid(4de5e4f3717b2c548bd8b90b6c628b2f) Importer(815301076,1909f56bfc062723c751e8b465ee728b)
Start importing Packages/com.unity.render-pipelines.core/Editor/LookDev/Icons/d_Layout1@2x.png using Guid(4de5e4f3717b2c548bd8b90b6c628b2f) Importer(815301076,1909f56bfc062723c751e8b465ee728b)  -> (artifact id: 'bd2b935066e613d1fa39f7ef5655cac5') in 0.040957 seconds 
  Import took 0.049167 seconds .

========================================================================
Received Import Request.
  Time since last request: 0.000329 seconds.
  path: Packages/com.unity.render-pipelines.core/Editor/LookDev/Icons/d_Layout2@2x.png
  artifactKey: Guid(50f7a3e9878119a4da02f38cf05d75ba) Importer(815301076,1909f56bfc062723c751e8b465ee728b)
Start importing Packages/com.unity.render-pipelines.core/Editor/LookDev/Icons/d_Layout2@2x.png using Guid(50f7a3e9878119a4da02f38cf05d75ba) Importer(815301076,1909f56bfc062723c751e8b465ee728b)  -> (artifact id: '402c162a2a7c9d6c668f25e719ce739e') in 0.043754 seconds 
  Import took 0.053267 seconds .

========================================================================
Received Import Request.
  Time since last request: 0.000406 seconds.
  path: Packages/com.unity.render-pipelines.core/Editor/LookDev/Icons/d_LayoutCustom@2x.png
  artifactKey: Guid(b753c88a6aeb2674fa1d4f0a4c0a285a) Importer(815301076,1909f56bfc062723c751e8b465ee728b)
Start importing Packages/com.unity.render-pipelines.core/Editor/LookDev/Icons/d_LayoutCustom@2x.png using Guid(b753c88a6aeb2674fa1d4f0a4c0a285a) Importer(815301076,1909f56bfc062723c751e8b465ee728b)  -> (artifact id: 'af66e8f01902f170ca63c574a97aaaa8') in 0.048240 seconds 
  Import took 0.057006 seconds .

========================================================================
Received Import Request.
  Time since last request: 0.000376 seconds.
  path: Packages/com.unity.render-pipelines.core/Editor/LookDev/Icons/d_LayoutVertical@2x.png
  artifactKey: Guid(472b4042959bbd844b8fd760bddd7a47) Importer(815301076,1909f56bfc062723c751e8b465ee728b)
Start importing Packages/com.unity.render-pipelines.core/Editor/LookDev/Icons/d_LayoutVertical@2x.png using Guid(472b4042959bbd844b8fd760bddd7a47) Importer(815301076,1909f56bfc062723c751e8b465ee728b)  -> (artifact id: '48bee473048f6c5daba0f374d7bd5479') in 0.044196 seconds 
  Import took 0.052912 seconds .

========================================================================
Received Import Request.
  Time since last request: 0.000406 seconds.
  path: Packages/com.unity.render-pipelines.core/Editor/LookDev/Icons/d_LeftArrow@2x.png
  artifactKey: Guid(90335e5423c010749a50f906b965fa54) Importer(815301076,1909f56bfc062723c751e8b465ee728b)
Start importing Packages/com.unity.render-pipelines.core/Editor/LookDev/Icons/d_LeftArrow@2x.png using Guid(90335e5423c010749a50f906b965fa54) Importer(815301076,1909f56bfc062723c751e8b465ee728b)  -> (artifact id: '8b37505be742379a606825dacb614ca9') in 0.047921 seconds 
  Import took 0.057094 seconds .

========================================================================
Received Import Request.
  Time since last request: 0.000330 seconds.
  path: Packages/com.unity.render-pipelines.core/Editor/LookDev/Icons/d_Link.png
  artifactKey: Guid(94ec4fdf9502c3747b5c0754ca18919e) Importer(815301076,1909f56bfc062723c751e8b465ee728b)
Start importing Packages/com.unity.render-pipelines.core/Editor/LookDev/Icons/d_Link.png using Guid(94ec4fdf9502c3747b5c0754ca18919e) Importer(815301076,1909f56bfc062723c751e8b465ee728b)  -> (artifact id: '1fc59d9aa03936cc3c7085541ceb1385') in 0.046085 seconds 
  Import took 0.054566 seconds .

========================================================================
Received Import Request.
  Time since last request: 0.000418 seconds.
  path: Packages/com.unity.render-pipelines.core/Editor/LookDev/Icons/d_LeftArrow.png
  artifactKey: Guid(84189b4c7caeef3419b6b031b8812685) Importer(815301076,1909f56bfc062723c751e8b465ee728b)
Start importing Packages/com.unity.render-pipelines.core/Editor/LookDev/Icons/d_LeftArrow.png using Guid(84189b4c7caeef3419b6b031b8812685) Importer(815301076,1909f56bfc062723c751e8b465ee728b)  -> (artifact id: 'c87e982c39713d6237e18b25f247b459') in 0.045813 seconds 
  Import took 0.055674 seconds .

========================================================================
Received Import Request.
  Time since last request: 0.000474 seconds.
  path: Packages/com.unity.render-pipelines.core/Editor/LookDev/Icons/d_LayoutVertical.png
  artifactKey: Guid(02c3588c32f640d47bb70ee3fa774fce) Importer(815301076,1909f56bfc062723c751e8b465ee728b)
Start importing Packages/com.unity.render-pipelines.core/Editor/LookDev/Icons/d_LayoutVertical.png using Guid(02c3588c32f640d47bb70ee3fa774fce) Importer(815301076,1909f56bfc062723c751e8b465ee728b)  -> (artifact id: '66b6ad7ad49c524a0d8f6cd3de60ad9d') in 0.044377 seconds 
  Import took 0.052563 seconds .

========================================================================
Received Import Request.
  Time since last request: 0.000369 seconds.
  path: Packages/com.unity.render-pipelines.core/Editor/LookDev/Icons/d_LayoutHorizontal@2x.png
  artifactKey: Guid(9cad92999ddfa304495b735a55c78329) Importer(815301076,1909f56bfc062723c751e8b465ee728b)
Start importing Packages/com.unity.render-pipelines.core/Editor/LookDev/Icons/d_LayoutHorizontal@2x.png using Guid(9cad92999ddfa304495b735a55c78329) Importer(815301076,1909f56bfc062723c751e8b465ee728b)  -> (artifact id: 'b31c289d64d29056dcc7624c18db6c16') in 0.046773 seconds 
  Import took 0.055231 seconds .

========================================================================
Received Import Request.
  Time since last request: 0.000323 seconds.
  path: Packages/com.unity.render-pipelines.core/Editor/LookDev/Icons/d_LayoutCustom.png
  artifactKey: Guid(8c3a606a4a147a34c952b98bf038c662) Importer(815301076,1909f56bfc062723c751e8b465ee728b)
Start importing Packages/com.unity.render-pipelines.core/Editor/LookDev/Icons/d_LayoutCustom.png using Guid(8c3a606a4a147a34c952b98bf038c662) Importer(815301076,1909f56bfc062723c751e8b465ee728b)  -> (artifact id: '478e8ed5dbf23c1a66d3867b3d6378dd') in 0.046825 seconds 
  Import took 0.055924 seconds .

========================================================================
Received Import Request.
  Time since last request: 1.974628 seconds.
  path: Packages/com.unity.render-pipelines.core/Editor/LookDev/Icons/d_Link@2x.png
  artifactKey: Guid(2b06c35710693f640babb3dcf747d06a) Importer(815301076,1909f56bfc062723c751e8b465ee728b)
Start importing Packages/com.unity.render-pipelines.core/Editor/LookDev/Icons/d_Link@2x.png using Guid(2b06c35710693f640babb3dcf747d06a) Importer(815301076,1909f56bfc062723c751e8b465ee728b)  -> (artifact id: 'b01b387a64756f278e6519cdf57dd6b8') in 0.044308 seconds 
  Import took 0.053636 seconds .

========================================================================
Received Import Request.
  Time since last request: 0.000462 seconds.
  path: Packages/com.unity.render-pipelines.core/Editor/LookDev/Icons/d_LookDev.png
  artifactKey: Guid(0615fe8910911be4299d5604a54db99a) Importer(815301076,1909f56bfc062723c751e8b465ee728b)
Start importing Packages/com.unity.render-pipelines.core/Editor/LookDev/Icons/d_LookDev.png using Guid(0615fe8910911be4299d5604a54db99a) Importer(815301076,1909f56bfc062723c751e8b465ee728b)  -> (artifact id: 'ae782ee503d9de96c7f5318995c3ea64') in 0.046888 seconds 
  Import took 0.055423 seconds .

========================================================================
Received Import Request.
  Time since last request: 0.000431 seconds.
  path: Packages/com.unity.render-pipelines.core/Editor/LookDev/Icons/d_LookDev@2x.png
  artifactKey: Guid(ffdf80dc342e69344b2dccafe04c30ee) Importer(815301076,1909f56bfc062723c751e8b465ee728b)
Start importing Packages/com.unity.render-pipelines.core/Editor/LookDev/Icons/d_LookDev@2x.png using Guid(ffdf80dc342e69344b2dccafe04c30ee) Importer(815301076,1909f56bfc062723c751e8b465ee728b)  -> (artifact id: '0d792aa5ddac1bcac6e54eda46965b66') in 0.044592 seconds 
  Import took 0.053743 seconds .

========================================================================
Received Import Request.
  Time since last request: 0.000447 seconds.
  path: Packages/com.unity.collab-proxy/Editor/PlasticSCM/Assets/Images/d_loading.png
  artifactKey: Guid(d58e94bfb1bac774dbb8ca9c2597ef2e) Importer(815301076,1909f56bfc062723c751e8b465ee728b)
Start importing Packages/com.unity.collab-proxy/Editor/PlasticSCM/Assets/Images/d_loading.png using Guid(d58e94bfb1bac774dbb8ca9c2597ef2e) Importer(815301076,1909f56bfc062723c751e8b465ee728b)  -> (artifact id: '9526fdae4c9e02c30a8eb7585b22038e') in 0.046612 seconds 
  Import took 0.054414 seconds .

========================================================================
Received Import Request.
  Time since last request: 0.000391 seconds.
  path: Packages/com.unity.render-pipelines.core/Editor/LookDev/Icons/d_Remove.png
  artifactKey: Guid(4ff71d806d58fd041be6e55d1d1ca70e) Importer(815301076,1909f56bfc062723c751e8b465ee728b)
Start importing Packages/com.unity.render-pipelines.core/Editor/LookDev/Icons/d_Remove.png using Guid(4ff71d806d58fd041be6e55d1d1ca70e) Importer(815301076,1909f56bfc062723c751e8b465ee728b)  -> (artifact id: 'cbb1f4777ac9e53509c94a55d2f39d78') in 0.049090 seconds 
  Import took 0.057672 seconds .

========================================================================
Received Import Request.
  Time since last request: 0.000506 seconds.
  path: Packages/com.unity.collab-proxy/Editor/PlasticSCM/Assets/Images/d_loading@2x.png
  artifactKey: Guid(7ee48c5fba4919649a8a6094cbead669) Importer(815301076,1909f56bfc062723c751e8b465ee728b)
Start importing Packages/com.unity.collab-proxy/Editor/PlasticSCM/Assets/Images/d_loading@2x.png using Guid(7ee48c5fba4919649a8a6094cbead669) Importer(815301076,1909f56bfc062723c751e8b465ee728b)  -> (artifact id: '8f1155a4a6ef38b44d1109a8299fed48') in 0.041341 seconds 
  Import took 0.051191 seconds .

========================================================================
Received Import Request.
  Time since last request: 0.303378 seconds.
  path: Packages/com.unity.render-pipelines.core/Editor/LookDev/Icons/d_Remove@2x.png
  artifactKey: Guid(cc27e95868ab32345b74b8338c01ebed) Importer(815301076,1909f56bfc062723c751e8b465ee728b)
Start importing Packages/com.unity.render-pipelines.core/Editor/LookDev/Icons/d_Remove@2x.png using Guid(cc27e95868ab32345b74b8338c01ebed) Importer(815301076,1909f56bfc062723c751e8b465ee728b)  -> (artifact id: 'b9c940251a8809322214562700106e92') in 0.043189 seconds 
  Import took 0.052768 seconds .

========================================================================
Received Import Request.
  Time since last request: 0.000535 seconds.
  path: Packages/com.unity.render-pipelines.core/Editor/LookDev/Icons/d_RightArrow.png
  artifactKey: Guid(99e5d180080c96940a65c6d906ff9131) Importer(815301076,1909f56bfc062723c751e8b465ee728b)
Start importing Packages/com.unity.render-pipelines.core/Editor/LookDev/Icons/d_RightArrow.png using Guid(99e5d180080c96940a65c6d906ff9131) Importer(815301076,1909f56bfc062723c751e8b465ee728b)  -> (artifact id: '9068f9196701f9ff7e9db732c3789be6') in 0.048045 seconds 
  Import took 0.057408 seconds .

========================================================================
Received Import Request.
  Time since last request: 0.000449 seconds.
  path: Packages/com.unity.render-pipelines.core/Editor/LookDev/Icons/d_Rotation.png
  artifactKey: Guid(abc6ce87642c5c1478a4b107d1c5688a) Importer(815301076,1909f56bfc062723c751e8b465ee728b)
Start importing Packages/com.unity.render-pipelines.core/Editor/LookDev/Icons/d_Rotation.png using Guid(abc6ce87642c5c1478a4b107d1c5688a) Importer(815301076,1909f56bfc062723c751e8b465ee728b)  -> (artifact id: '7e1d98a70f817a81756d7441c0590da4') in 0.045693 seconds 
  Import took 0.054133 seconds .

========================================================================
Received Import Request.
  Time since last request: 0.000516 seconds.
  path: Packages/com.unity.render-pipelines.core/Editor/LookDev/Icons/d_RenderDoc@2x.png
  artifactKey: Guid(9c63b51755ec8c845b857cc73a35d606) Importer(815301076,1909f56bfc062723c751e8b465ee728b)
Start importing Packages/com.unity.render-pipelines.core/Editor/LookDev/Icons/d_RenderDoc@2x.png using Guid(9c63b51755ec8c845b857cc73a35d606) Importer(815301076,1909f56bfc062723c751e8b465ee728b)  -> (artifact id: '5373c4aa477290290bd7017882b0189d') in 0.046945 seconds 
  Import took 0.055182 seconds .

========================================================================
Received Import Request.
  Time since last request: 0.000464 seconds.
  path: Packages/com.unity.render-pipelines.core/Editor/LookDev/Icons/d_renderdoc.png
  artifactKey: Guid(cbe929948d88af7409a05054bc8187c7) Importer(815301076,1909f56bfc062723c751e8b465ee728b)
Start importing Packages/com.unity.render-pipelines.core/Editor/LookDev/Icons/d_renderdoc.png using Guid(cbe929948d88af7409a05054bc8187c7) Importer(815301076,1909f56bfc062723c751e8b465ee728b)  -> (artifact id: '5c803348da8c7e5bf64719fc192b65a3') in 0.042083 seconds 
  Import took 0.050720 seconds .

========================================================================
Received Import Request.
  Time since last request: 0.000370 seconds.
  path: Packages/com.unity.render-pipelines.core/Editor/LookDev/Icons/d_RightArrow@2x.png
  artifactKey: Guid(28d47cbaafc98254f8d4f6184dff22cd) Importer(815301076,1909f56bfc062723c751e8b465ee728b)
Start importing Packages/com.unity.render-pipelines.core/Editor/LookDev/Icons/d_RightArrow@2x.png using Guid(28d47cbaafc98254f8d4f6184dff22cd) Importer(815301076,1909f56bfc062723c751e8b465ee728b)  -> (artifact id: '2cd46c4fc5b6e1d162a5e3471b69802f') in 0.046575 seconds 
  Import took 0.055806 seconds .

========================================================================
Received Import Request.
  Time since last request: 0.376856 seconds.
  path: Packages/com.unity.render-pipelines.core/Editor/LookDev/Icons/d_Rotation@2x.png
  artifactKey: Guid(db7aaa162a1a5a54b826d15b5b20fb06) Importer(815301076,1909f56bfc062723c751e8b465ee728b)
Start importing Packages/com.unity.render-pipelines.core/Editor/LookDev/Icons/d_Rotation@2x.png using Guid(db7aaa162a1a5a54b826d15b5b20fb06) Importer(815301076,1909f56bfc062723c751e8b465ee728b)  -> (artifact id: 'e2971dfccdc28639e75c78e92c650a72') in 0.045013 seconds 
  Import took 0.054453 seconds .

========================================================================
Received Import Request.
  Time since last request: 0.000492 seconds.
  path: Packages/com.unity.collab-proxy/Editor/PlasticSCM/Assets/Images/d_step2.png
  artifactKey: Guid(897c3a3f5c4038345a7143573bbb4a40) Importer(815301076,1909f56bfc062723c751e8b465ee728b)
Start importing Packages/com.unity.collab-proxy/Editor/PlasticSCM/Assets/Images/d_step2.png using Guid(897c3a3f5c4038345a7143573bbb4a40) Importer(815301076,1909f56bfc062723c751e8b465ee728b)  -> (artifact id: 'e9d45589945c489832525793e37e4ae8') in 0.046038 seconds 
  Import took 0.054422 seconds .

========================================================================
Received Import Request.
  Time since last request: 0.000473 seconds.
  path: Packages/com.unity.collab-proxy/Editor/PlasticSCM/Assets/Images/d_step3.png
  artifactKey: Guid(46930b20180b59e46b73494adf53abbb) Importer(815301076,1909f56bfc062723c751e8b465ee728b)
Start importing Packages/com.unity.collab-proxy/Editor/PlasticSCM/Assets/Images/d_step3.png using Guid(46930b20180b59e46b73494adf53abbb) Importer(815301076,1909f56bfc062723c751e8b465ee728b)  -> (artifact id: '3422e39d629ba5d222c28cc514ef7a5f') in 0.044696 seconds 
  Import took 0.053785 seconds .

========================================================================
Received Import Request.
  Time since last request: 0.000426 seconds.
  path: Packages/com.unity.collab-proxy/Editor/PlasticSCM/Assets/Images/d_stepok.png
  artifactKey: Guid(be423a54b981d38428de82ad12534629) Importer(815301076,1909f56bfc062723c751e8b465ee728b)
Start importing Packages/com.unity.collab-proxy/Editor/PlasticSCM/Assets/Images/d_stepok.png using Guid(be423a54b981d38428de82ad12534629) Importer(815301076,1909f56bfc062723c751e8b465ee728b)  -> (artifact id: '1ac3a2b2e39886b4af385ba31c0949dd') in 0.044511 seconds 
  Import took 0.053939 seconds .

========================================================================
Received Import Request.
  Time since last request: 0.000423 seconds.
  path: Packages/com.unity.collab-proxy/Editor/PlasticSCM/Assets/Images/d_step3@2x.png
  artifactKey: Guid(c9ed6d6ea2f9657409bfa068d4846139) Importer(815301076,1909f56bfc062723c751e8b465ee728b)
Start importing Packages/com.unity.collab-proxy/Editor/PlasticSCM/Assets/Images/d_step3@2x.png using Guid(c9ed6d6ea2f9657409bfa068d4846139) Importer(815301076,1909f56bfc062723c751e8b465ee728b)  -> (artifact id: '367abca3fc653545a965f4d7cb29f21f') in 0.055211 seconds 
  Import took 0.064467 seconds .

========================================================================
Received Import Request.
  Time since last request: 0.000774 seconds.
  path: Packages/com.unity.collab-proxy/Editor/PlasticSCM/Assets/Images/d_stepok@2x.png
  artifactKey: Guid(3494dc956dfd7174abc07060940a2848) Importer(815301076,1909f56bfc062723c751e8b465ee728b)
Start importing Packages/com.unity.collab-proxy/Editor/PlasticSCM/Assets/Images/d_stepok@2x.png using Guid(3494dc956dfd7174abc07060940a2848) Importer(815301076,1909f56bfc062723c751e8b465ee728b)  -> (artifact id: 'f3f9cf12d30656a8052d2a27232d2c61') in 0.047961 seconds 
  Import took 0.060103 seconds .

========================================================================
Received Import Request.
  Time since last request: 0.000396 seconds.
  path: Packages/com.unity.collab-proxy/Editor/PlasticSCM/Assets/Images/d_step1.png
  artifactKey: Guid(38236a82ff44aaa4b972248479d5f970) Importer(815301076,1909f56bfc062723c751e8b465ee728b)
Start importing Packages/com.unity.collab-proxy/Editor/PlasticSCM/Assets/Images/d_step1.png using Guid(38236a82ff44aaa4b972248479d5f970) Importer(815301076,1909f56bfc062723c751e8b465ee728b)  -> (artifact id: '0a1c5e9f819d11588e40743617ada9db') in 0.054105 seconds 
  Import took 0.063112 seconds .

========================================================================
Received Import Request.
  Time since last request: 0.000319 seconds.
  path: Packages/com.unity.collab-proxy/Editor/PlasticSCM/Assets/Images/d_step2@2x.png
  artifactKey: Guid(cdb88fdb0cf46b244a667edaff21c7df) Importer(815301076,1909f56bfc062723c751e8b465ee728b)
Start importing Packages/com.unity.collab-proxy/Editor/PlasticSCM/Assets/Images/d_step2@2x.png using Guid(cdb88fdb0cf46b244a667edaff21c7df) Importer(815301076,1909f56bfc062723c751e8b465ee728b)  -> (artifact id: '62a988e39941b42f4c37669af5eff4d0') in 0.046475 seconds 
  Import took 0.070304 seconds .

========================================================================
Received Import Request.
  Time since last request: 0.000520 seconds.
  path: Packages/com.unity.collab-proxy/Editor/PlasticSCM/Assets/Images/d_step1@2x.png
  artifactKey: Guid(c8a69ecdf54ac8e4b873466605de27ff) Importer(815301076,1909f56bfc062723c751e8b465ee728b)
Start importing Packages/com.unity.collab-proxy/Editor/PlasticSCM/Assets/Images/d_step1@2x.png using Guid(c8a69ecdf54ac8e4b873466605de27ff) Importer(815301076,1909f56bfc062723c751e8b465ee728b)  -> (artifact id: '011e5c2270bfd7a282ac61846e7103a7') in 0.043375 seconds 
  Import took 0.054798 seconds .

========================================================================
Received Import Request.
  Time since last request: 0.106423 seconds.
  path: Packages/com.unity.collab-proxy/Editor/PlasticSCM/Assets/Images/d_stevejobsbuho.png
  artifactKey: Guid(e92527f6d0fe45342ab542b47346d45f) Importer(815301076,1909f56bfc062723c751e8b465ee728b)
Start importing Packages/com.unity.collab-proxy/Editor/PlasticSCM/Assets/Images/d_stevejobsbuho.png using Guid(e92527f6d0fe45342ab542b47346d45f) Importer(815301076,1909f56bfc062723c751e8b465ee728b)  -> (artifact id: '5025025f544f7cd2164e3c40db79ad2d') in 0.044698 seconds 
  Import took 0.056448 seconds .

========================================================================
Received Import Request.
  Time since last request: 0.000418 seconds.
  path: Packages/com.unity.collab-proxy/Editor/PlasticSCM/Assets/Images/d_stevejobsbuhochristmas.png
  artifactKey: Guid(08c91a7677e66844281a99aaf6ea36f1) Importer(815301076,1909f56bfc062723c751e8b465ee728b)
Start importing Packages/com.unity.collab-proxy/Editor/PlasticSCM/Assets/Images/d_stevejobsbuhochristmas.png using Guid(08c91a7677e66844281a99aaf6ea36f1) Importer(815301076,1909f56bfc062723c751e8b465ee728b)  -> (artifact id: 'd1f8d7e6e164647cf80e6f3c86727424') in 0.052668 seconds 
  Import took 0.061174 seconds .

========================================================================
Received Import Request.
  Time since last request: 0.000467 seconds.
  path: Packages/com.unity.collab-proxy/Editor/PlasticSCM/Assets/Images/d_stevejobsbuhoshechristmas.png
  artifactKey: Guid(f008857e434b98b4eaabda1fd6af3059) Importer(815301076,1909f56bfc062723c751e8b465ee728b)
Start importing Packages/com.unity.collab-proxy/Editor/PlasticSCM/Assets/Images/d_stevejobsbuhoshechristmas.png using Guid(f008857e434b98b4eaabda1fd6af3059) Importer(815301076,1909f56bfc062723c751e8b465ee728b)  -> (artifact id: '2bff082dcbcd05095111156d836bf82e') in 0.053246 seconds 
  Import took 0.062498 seconds .

========================================================================
Received Import Request.
  Time since last request: 0.000486 seconds.
  path: Packages/com.unity.render-pipelines.core/Editor/LookDev/Icons/d_SunPosition.png
  artifactKey: Guid(cc99218b39d91f84e9a26fac406c07e7) Importer(815301076,1909f56bfc062723c751e8b465ee728b)
Start importing Packages/com.unity.render-pipelines.core/Editor/LookDev/Icons/d_SunPosition.png using Guid(cc99218b39d91f84e9a26fac406c07e7) Importer(815301076,1909f56bfc062723c751e8b465ee728b)  -> (artifact id: '72f26076dc724566252602fce92962f7') in 0.046167 seconds 
  Import took 0.054984 seconds .

========================================================================
Received Import Request.
  Time since last request: 0.000480 seconds.
  path: Packages/com.unity.timeline/Editor/StyleSheets/Images/Icons/d_TimelineDigIn.png
  artifactKey: Guid(22c3c381bd3cd4a40a8541103023e1ef) Importer(815301076,1909f56bfc062723c751e8b465ee728b)
Start importing Packages/com.unity.timeline/Editor/StyleSheets/Images/Icons/d_TimelineDigIn.png using Guid(22c3c381bd3cd4a40a8541103023e1ef) Importer(815301076,1909f56bfc062723c751e8b465ee728b)  -> (artifact id: '8ee1bc72693c4fe1c9d5d03a2b9b179f') in 0.039167 seconds 
  Import took 0.049064 seconds .

========================================================================
Received Import Request.
  Time since last request: 0.000375 seconds.
  path: Packages/com.unity.timeline/Editor/StyleSheets/Images/Icons/d_TimelineCollapseMarkerButtonDisabled.png
  artifactKey: Guid(40947ddc2dd4f0d499a92d0f3675c4e8) Importer(815301076,1909f56bfc062723c751e8b465ee728b)
Start importing Packages/com.unity.timeline/Editor/StyleSheets/Images/Icons/d_TimelineCollapseMarkerButtonDisabled.png using Guid(40947ddc2dd4f0d499a92d0f3675c4e8) Importer(815301076,1909f56bfc062723c751e8b465ee728b)  -> (artifact id: '70408e8bbaa57bce39a18c82b98dd607') in 0.044841 seconds 
  Import took 0.054502 seconds .

========================================================================
Received Import Request.
  Time since last request: 0.000388 seconds.
  path: Packages/com.unity.timeline/Editor/StyleSheets/Images/Icons/d_TimelineCollapseMarkerButtonEnabled.png
  artifactKey: Guid(2446ee609b613cd4e9142ccc55cb7c43) Importer(815301076,1909f56bfc062723c751e8b465ee728b)
Start importing Packages/com.unity.timeline/Editor/StyleSheets/Images/Icons/d_TimelineCollapseMarkerButtonEnabled.png using Guid(2446ee609b613cd4e9142ccc55cb7c43) Importer(815301076,1909f56bfc062723c751e8b465ee728b)  -> (artifact id: '277aba889f3a4864540846af04bcc2c3') in 0.039691 seconds 
  Import took 0.048690 seconds .

========================================================================
Received Import Request.
  Time since last request: 0.000324 seconds.
  path: Packages/com.unity.collab-proxy/Editor/PlasticSCM/Assets/Images/d_stevejobsbuhoshe.png
  artifactKey: Guid(56e456ab0f7f79a4dbabcc9079c49a94) Importer(815301076,1909f56bfc062723c751e8b465ee728b)
Start importing Packages/com.unity.collab-proxy/Editor/PlasticSCM/Assets/Images/d_stevejobsbuhoshe.png using Guid(56e456ab0f7f79a4dbabcc9079c49a94) Importer(815301076,1909f56bfc062723c751e8b465ee728b)  -> (artifact id: '26ab72b1bd14337e0d58662fdd17ffe9') in 0.051027 seconds 
  Import took 0.060936 seconds .

========================================================================
Received Import Request.
  Time since last request: 0.000402 seconds.
  path: Packages/com.unity.render-pipelines.core/Editor/LookDev/Icons/d_SunPosition@2x.png
  artifactKey: Guid(ba2d3d7d05fd3e046b6d413365e9b11e) Importer(815301076,1909f56bfc062723c751e8b465ee728b)
Start importing Packages/com.unity.render-pipelines.core/Editor/LookDev/Icons/d_SunPosition@2x.png using Guid(ba2d3d7d05fd3e046b6d413365e9b11e) Importer(815301076,1909f56bfc062723c751e8b465ee728b)  -> (artifact id: 'f3c0b44a38fa6be077f6b8a6c46b9df1') in 0.044184 seconds 
  Import took 0.052921 seconds .

========================================================================
Received Import Request.
  Time since last request: 0.098229 seconds.
  path: Packages/com.unity.timeline/Editor/StyleSheets/Images/Icons/d_TimelineEditModeMixOFF.png
  artifactKey: Guid(39d9575ed0465354cb02b69ea18526de) Importer(815301076,1909f56bfc062723c751e8b465ee728b)
Start importing Packages/com.unity.timeline/Editor/StyleSheets/Images/Icons/d_TimelineEditModeMixOFF.png using Guid(39d9575ed0465354cb02b69ea18526de) Importer(815301076,1909f56bfc062723c751e8b465ee728b)  -> (artifact id: '87ba626e9ea65c05462342decff24425') in 0.052805 seconds 
  Import took 0.070615 seconds .

========================================================================
Received Import Request.
  Time since last request: 0.000674 seconds.
  path: Packages/com.unity.timeline/Editor/StyleSheets/Images/Icons/d_TimelineEditModeMixON.png
  artifactKey: Guid(7c681ffb5a436684fa3e98a9b66775c0) Importer(815301076,1909f56bfc062723c751e8b465ee728b)
Start importing Packages/com.unity.timeline/Editor/StyleSheets/Images/Icons/d_TimelineEditModeMixON.png using Guid(7c681ffb5a436684fa3e98a9b66775c0) Importer(815301076,1909f56bfc062723c751e8b465ee728b)  -> (artifact id: 'd3eaecbde5a37954faab4d6615b4f2df') in 0.042204 seconds 
  Import took 0.052876 seconds .

========================================================================
Received Import Request.
  Time since last request: 0.000391 seconds.
  path: Packages/com.unity.timeline/Editor/StyleSheets/Images/Icons/d_TimelineEditModeRippleON.png
  artifactKey: Guid(67a774c4384aa6c488128e2851b18ced) Importer(815301076,1909f56bfc062723c751e8b465ee728b)
Start importing Packages/com.unity.timeline/Editor/StyleSheets/Images/Icons/d_TimelineEditModeRippleON.png using Guid(67a774c4384aa6c488128e2851b18ced) Importer(815301076,1909f56bfc062723c751e8b465ee728b)  -> (artifact id: '2a306fba33b55c2a0a934802255007d3') in 0.040288 seconds 
  Import took 0.050263 seconds .

========================================================================
Received Import Request.
  Time since last request: 0.000463 seconds.
  path: Packages/com.unity.timeline/Editor/StyleSheets/Images/Icons/d_TimelineEditModeReplaceON.png
  artifactKey: Guid(7b4b3cedf598c954cb2f38d6e2e34c0d) Importer(815301076,1909f56bfc062723c751e8b465ee728b)
Start importing Packages/com.unity.timeline/Editor/StyleSheets/Images/Icons/d_TimelineEditModeReplaceON.png using Guid(7b4b3cedf598c954cb2f38d6e2e34c0d) Importer(815301076,1909f56bfc062723c751e8b465ee728b)  -> (artifact id: '19e2db376b147e8e025017b981f04dfc') in 0.039363 seconds 
  Import took 0.048210 seconds .

========================================================================
Received Import Request.
  Time since last request: 0.000366 seconds.
  path: Packages/com.unity.timeline/Editor/StyleSheets/Images/Icons/d_TimelineEditModeRippleOFF.png
  artifactKey: Guid(411e6f19c19fa0546af83aeb59c2ed4b) Importer(815301076,1909f56bfc062723c751e8b465ee728b)
Start importing Packages/com.unity.timeline/Editor/StyleSheets/Images/Icons/d_TimelineEditModeRippleOFF.png using Guid(411e6f19c19fa0546af83aeb59c2ed4b) Importer(815301076,1909f56bfc062723c751e8b465ee728b)  -> (artifact id: '736522af3631593e26f4d6da3dd9d572') in 0.037175 seconds 
  Import took 0.046491 seconds .

========================================================================
Received Import Request.
  Time since last request: 0.000530 seconds.
  path: Packages/com.unity.timeline/Editor/StyleSheets/Images/Icons/d_TimelineEditModeReplaceOFF.png
  artifactKey: Guid(912fd71cbf4cbe140b4f240bedbc1f3e) Importer(815301076,1909f56bfc062723c751e8b465ee728b)
Start importing Packages/com.unity.timeline/Editor/StyleSheets/Images/Icons/d_TimelineEditModeReplaceOFF.png using Guid(912fd71cbf4cbe140b4f240bedbc1f3e) Importer(815301076,1909f56bfc062723c751e8b465ee728b)  -> (artifact id: 'f1898072d1f64e6797f223899e1aa439') in 0.040587 seconds 
  Import took 0.051060 seconds .

========================================================================
Received Import Request.
  Time since last request: 0.000441 seconds.
  path: Packages/com.unity.timeline/Editor/StyleSheets/Images/Icons/d_TimelineHeaderMarkerIcon.png
  artifactKey: Guid(4f8d98ef7dbbe3d469e14c04722cbeed) Importer(815301076,1909f56bfc062723c751e8b465ee728b)
Start importing Packages/com.unity.timeline/Editor/StyleSheets/Images/Icons/d_TimelineHeaderMarkerIcon.png using Guid(4f8d98ef7dbbe3d469e14c04722cbeed) Importer(815301076,1909f56bfc062723c751e8b465ee728b)  -> (artifact id: 'ee9d1afbf6c9161978314226c8aacc38') in 0.041400 seconds 
  Import took 0.051540 seconds .

========================================================================
Received Import Request.
  Time since last request: 0.000623 seconds.
  path: Packages/com.unity.timeline/Editor/StyleSheets/Images/Icons/d_TimelineSignal.png
  artifactKey: Guid(ad2e3e92b00839c4e991ca602ef19822) Importer(815301076,1909f56bfc062723c751e8b465ee728b)
Start importing Packages/com.unity.timeline/Editor/StyleSheets/Images/Icons/d_TimelineSignal.png using Guid(ad2e3e92b00839c4e991ca602ef19822) Importer(815301076,1909f56bfc062723c751e8b465ee728b)  -> (artifact id: '26d57ce8ae85575efc52cdd9b732a22d') in 0.041969 seconds 
  Import took 0.052623 seconds .

========================================================================
Received Import Request.
  Time since last request: 0.000413 seconds.
  path: Packages/com.unity.timeline/Editor/StyleSheets/Images/Icons/d_TimelineSelector.png
  artifactKey: Guid(06bf6150656339941aa98e175a995445) Importer(815301076,1909f56bfc062723c751e8b465ee728b)
Start importing Packages/com.unity.timeline/Editor/StyleSheets/Images/Icons/d_TimelineSelector.png using Guid(06bf6150656339941aa98e175a995445) Importer(815301076,1909f56bfc062723c751e8b465ee728b)  -> (artifact id: '2419fb892b7e23936462b8651ec22b59') in 0.039564 seconds 
  Import took 0.048775 seconds .

========================================================================
Received Import Request.
  Time since last request: 0.601642 seconds.
  path: Packages/com.unity.timeline/Editor/StyleSheets/Images/Icons/d_TrackAvatarButtonDisabled.png
  artifactKey: Guid(91746a504b59769439bb2749c314d231) Importer(815301076,1909f56bfc062723c751e8b465ee728b)
Start importing Packages/com.unity.timeline/Editor/StyleSheets/Images/Icons/d_TrackAvatarButtonDisabled.png using Guid(91746a504b59769439bb2749c314d231) Importer(815301076,1909f56bfc062723c751e8b465ee728b)  -> (artifact id: '344bafaf9191ee57b204ee647a11b3eb') in 0.038433 seconds 
  Import took 0.047267 seconds .

========================================================================
Received Import Request.
  Time since last request: 0.000492 seconds.
  path: Packages/com.unity.timeline/Editor/StyleSheets/Images/Icons/d_TrackAvatarButtonEnabled.png
  artifactKey: Guid(c207dcd389fb689489f5266468cd4609) Importer(815301076,1909f56bfc062723c751e8b465ee728b)
Start importing Packages/com.unity.timeline/Editor/StyleSheets/Images/Icons/d_TrackAvatarButtonEnabled.png using Guid(c207dcd389fb689489f5266468cd4609) Importer(815301076,1909f56bfc062723c751e8b465ee728b)  -> (artifact id: 'a58d437c96126f1d56d1fdc032f80c90') in 0.040918 seconds 
  Import took 0.050412 seconds .

========================================================================
Received Import Request.
  Time since last request: 0.000497 seconds.
  path: Packages/com.unity.timeline/Editor/StyleSheets/Images/Icons/d_TrackAvatarButtonDisabled@2x.png
  artifactKey: Guid(fd194f75fe3d7ca4488fa775ae832fd8) Importer(815301076,1909f56bfc062723c751e8b465ee728b)
Start importing Packages/com.unity.timeline/Editor/StyleSheets/Images/Icons/d_TrackAvatarButtonDisabled@2x.png using Guid(fd194f75fe3d7ca4488fa775ae832fd8) Importer(815301076,1909f56bfc062723c751e8b465ee728b)  -> (artifact id: 'b4faf205f2f5ac7f9bbed02095faaa91') in 0.041170 seconds 
  Import took 0.051154 seconds .

========================================================================
Received Import Request.
  Time since last request: 0.086279 seconds.
  path: Packages/com.unity.timeline/Editor/StyleSheets/Images/Icons/d_TrackAvatarButtonEnabled@2x.png
  artifactKey: Guid(fd12dbe3b63ae464f824b4a74c0e1766) Importer(815301076,1909f56bfc062723c751e8b465ee728b)
Start importing Packages/com.unity.timeline/Editor/StyleSheets/Images/Icons/d_TrackAvatarButtonEnabled@2x.png using Guid(fd12dbe3b63ae464f824b4a74c0e1766) Importer(815301076,1909f56bfc062723c751e8b465ee728b)  -> (artifact id: '2b26ce7d0759b632bd03c56024f0de57') in 0.035603 seconds 
  Import took 0.044511 seconds .

========================================================================
Received Import Request.
  Time since last request: 0.000405 seconds.
  path: Packages/com.unity.timeline/Editor/StyleSheets/Images/Icons/d_TrackCurvesButtonDisabled.png
  artifactKey: Guid(d55a54a15106e3f418a43134888f2211) Importer(815301076,1909f56bfc062723c751e8b465ee728b)
Start importing Packages/com.unity.timeline/Editor/StyleSheets/Images/Icons/d_TrackCurvesButtonDisabled.png using Guid(d55a54a15106e3f418a43134888f2211) Importer(815301076,1909f56bfc062723c751e8b465ee728b)  -> (artifact id: '196ad03f8bae10ba9a54f671c06b516f') in 0.038805 seconds 
  Import took 0.047374 seconds .

========================================================================
Received Import Request.
  Time since last request: 0.000426 seconds.
  path: Packages/com.unity.timeline/Editor/StyleSheets/Images/Icons/d_TrackCurvesButtonDisabled@2x.png
  artifactKey: Guid(1f3ea4caa6e0ec74388e4d7d16690e68) Importer(815301076,1909f56bfc062723c751e8b465ee728b)
Start importing Packages/com.unity.timeline/Editor/StyleSheets/Images/Icons/d_TrackCurvesButtonDisabled@2x.png using Guid(1f3ea4caa6e0ec74388e4d7d16690e68) Importer(815301076,1909f56bfc062723c751e8b465ee728b)  -> (artifact id: 'b7a936052e8c46c511bec86cafa887b2') in 0.040669 seconds 
  Import took 0.050737 seconds .

========================================================================
Received Import Request.
  Time since last request: 0.247274 seconds.
  path: Packages/com.unity.timeline/Editor/StyleSheets/Images/Icons/d_TrackCurvesButtonEnabled.png
  artifactKey: Guid(fbcdeb07ee516a64daa01ce462874280) Importer(815301076,1909f56bfc062723c751e8b465ee728b)
Start importing Packages/com.unity.timeline/Editor/StyleSheets/Images/Icons/d_TrackCurvesButtonEnabled.png using Guid(fbcdeb07ee516a64daa01ce462874280) Importer(815301076,1909f56bfc062723c751e8b465ee728b)  -> (artifact id: '17f6cdb255276c352a60702813ce28e6') in 0.036787 seconds 
  Import took 0.046111 seconds .

========================================================================
Received Import Request.
  Time since last request: 0.000712 seconds.
  path: Packages/com.unity.timeline/Editor/StyleSheets/Images/Icons/d_TrackCurvesButtonEnabled@2x.png
  artifactKey: Guid(43ed4593c5ddda0439fcc1bdaf8309fe) Importer(815301076,1909f56bfc062723c751e8b465ee728b)
Start importing Packages/com.unity.timeline/Editor/StyleSheets/Images/Icons/d_TrackCurvesButtonEnabled@2x.png using Guid(43ed4593c5ddda0439fcc1bdaf8309fe) Importer(815301076,1909f56bfc062723c751e8b465ee728b)  -> (artifact id: '22fbf1ef40e76901ad7c9d013a9a8db0') in 0.041649 seconds 
  Import took 0.050481 seconds .

========================================================================
Received Import Request.
  Time since last request: 0.000470 seconds.
  path: Packages/com.unity.timeline/Editor/StyleSheets/Images/Icons/d_TrackLockButtonDisabled.png
  artifactKey: Guid(52ee3ba2abc3da14a95cdf64d32ae0ae) Importer(815301076,1909f56bfc062723c751e8b465ee728b)
Start importing Packages/com.unity.timeline/Editor/StyleSheets/Images/Icons/d_TrackLockButtonDisabled.png using Guid(52ee3ba2abc3da14a95cdf64d32ae0ae) Importer(815301076,1909f56bfc062723c751e8b465ee728b)  -> (artifact id: 'ee4a1f244657be43c2f9a01353bc7907') in 0.041653 seconds 
  Import took 0.050623 seconds .

========================================================================
Received Import Request.
  Time since last request: 0.000452 seconds.
  path: Packages/com.unity.timeline/Editor/StyleSheets/Images/Icons/d_TrackLockButtonEnabled@2x.png
  artifactKey: Guid(2c85066ea99cfbe4f90294bf295ce543) Importer(815301076,1909f56bfc062723c751e8b465ee728b)
Start importing Packages/com.unity.timeline/Editor/StyleSheets/Images/Icons/d_TrackLockButtonEnabled@2x.png using Guid(2c85066ea99cfbe4f90294bf295ce543) Importer(815301076,1909f56bfc062723c751e8b465ee728b)  -> (artifact id: '9278e73abed5088cc3df57cb1c6a4b88') in 0.037819 seconds 
  Import took 0.047308 seconds .

========================================================================
Received Import Request.
  Time since last request: 0.000511 seconds.
  path: Packages/com.unity.timeline/Editor/StyleSheets/Images/Icons/d_TrackLockButtonDisabled@2x.png
  artifactKey: Guid(6f0b77e050cdb12478ed9514b3a0e40e) Importer(815301076,1909f56bfc062723c751e8b465ee728b)
Start importing Packages/com.unity.timeline/Editor/StyleSheets/Images/Icons/d_TrackLockButtonDisabled@2x.png using Guid(6f0b77e050cdb12478ed9514b3a0e40e) Importer(815301076,1909f56bfc062723c751e8b465ee728b)  -> (artifact id: 'a748bf0e3f0ce64fcfa0219930633c85') in 0.041274 seconds 
  Import took 0.050777 seconds .

========================================================================
Received Import Request.
  Time since last request: 0.000402 seconds.
  path: Packages/com.unity.timeline/Editor/StyleSheets/Images/Icons/d_TrackLockButtonEnabled.png
  artifactKey: Guid(e8aa120f1b4731e43a2dd31eb70bbbe2) Importer(815301076,1909f56bfc062723c751e8b465ee728b)
Start importing Packages/com.unity.timeline/Editor/StyleSheets/Images/Icons/d_TrackLockButtonEnabled.png using Guid(e8aa120f1b4731e43a2dd31eb70bbbe2) Importer(815301076,1909f56bfc062723c751e8b465ee728b)  -> (artifact id: '80cf5f197f9735d72a2a9d1717cb56a1') in 0.037206 seconds 
  Import took 0.045981 seconds .

========================================================================
Received Import Request.
  Time since last request: 0.272682 seconds.
  path: Packages/com.unity.timeline/Editor/StyleSheets/Images/Icons/d_TrackMarkerButtonDisabled.png
  artifactKey: Guid(b3644a971cca0bd4eb357cb9aca4dde1) Importer(815301076,1909f56bfc062723c751e8b465ee728b)
Start importing Packages/com.unity.timeline/Editor/StyleSheets/Images/Icons/d_TrackMarkerButtonDisabled.png using Guid(b3644a971cca0bd4eb357cb9aca4dde1) Importer(815301076,1909f56bfc062723c751e8b465ee728b)  -> (artifact id: '7a0208bcec061690c97ff90c3b7ff459') in 0.042362 seconds 
  Import took 0.051254 seconds .

========================================================================
Received Import Request.
  Time since last request: 0.000387 seconds.
  path: Packages/com.unity.timeline/Editor/StyleSheets/Images/Icons/d_TrackMarkerButtonDisabled@2x.png
  artifactKey: Guid(77d926c9a4ddcc940b8c000b45cbfb35) Importer(815301076,1909f56bfc062723c751e8b465ee728b)
Start importing Packages/com.unity.timeline/Editor/StyleSheets/Images/Icons/d_TrackMarkerButtonDisabled@2x.png using Guid(77d926c9a4ddcc940b8c000b45cbfb35) Importer(815301076,1909f56bfc062723c751e8b465ee728b)  -> (artifact id: '6a4774a16d6c8e4783ea7ab7f3510c11') in 0.042141 seconds 
  Import took 0.051057 seconds .

========================================================================
Received Import Request.
  Time since last request: 0.000470 seconds.
  path: Packages/com.unity.timeline/Editor/StyleSheets/Images/Icons/d_TrackMarkerButtonEnabled.png
  artifactKey: Guid(d18286874382ef042bbbdab5f71329c1) Importer(815301076,1909f56bfc062723c751e8b465ee728b)
Start importing Packages/com.unity.timeline/Editor/StyleSheets/Images/Icons/d_TrackMarkerButtonEnabled.png using Guid(d18286874382ef042bbbdab5f71329c1) Importer(815301076,1909f56bfc062723c751e8b465ee728b)  -> (artifact id: '09649e23eb7408dfd30bd0be12792299') in 0.040298 seconds 
  Import took 0.049162 seconds .

========================================================================
Received Import Request.
  Time since last request: 0.000488 seconds.
  path: Packages/com.unity.timeline/Editor/StyleSheets/Images/Icons/d_TrackMuteButtonDisabled.png
  artifactKey: Guid(6ab002208ec290544b44bc263dc58a95) Importer(815301076,1909f56bfc062723c751e8b465ee728b)
Start importing Packages/com.unity.timeline/Editor/StyleSheets/Images/Icons/d_TrackMuteButtonDisabled.png using Guid(6ab002208ec290544b44bc263dc58a95) Importer(815301076,1909f56bfc062723c751e8b465ee728b)  -> (artifact id: '6b19a27edad6112d08761344ff716606') in 0.039002 seconds 
  Import took 0.048163 seconds .

========================================================================
Received Import Request.
  Time since last request: 0.000360 seconds.
  path: Packages/com.unity.timeline/Editor/StyleSheets/Images/Icons/d_TrackMarkerButtonEnabled@2x.png
  artifactKey: Guid(6192986415256ca47a97a97507406f5e) Importer(815301076,1909f56bfc062723c751e8b465ee728b)
Start importing Packages/com.unity.timeline/Editor/StyleSheets/Images/Icons/d_TrackMarkerButtonEnabled@2x.png using Guid(6192986415256ca47a97a97507406f5e) Importer(815301076,1909f56bfc062723c751e8b465ee728b)  -> (artifact id: '1e53b6e1f8c8496937ad075ae8f6db66') in 0.039967 seconds 
  Import took 0.048452 seconds .

========================================================================
Received Import Request.
  Time since last request: 0.000421 seconds.
  path: Packages/com.unity.timeline/Editor/StyleSheets/Images/Icons/d_TrackMuteButtonDisabled@2x.png
  artifactKey: Guid(9c706019afb28944eb19b500ea0da38c) Importer(815301076,1909f56bfc062723c751e8b465ee728b)
Start importing Packages/com.unity.timeline/Editor/StyleSheets/Images/Icons/d_TrackMuteButtonDisabled@2x.png using Guid(9c706019afb28944eb19b500ea0da38c) Importer(815301076,1909f56bfc062723c751e8b465ee728b)  -> (artifact id: '13b9f974dcf56ba251c731172e6628d2') in 0.040043 seconds 
  Import took 0.048790 seconds .

========================================================================
Received Import Request.
  Time since last request: 0.003495 seconds.
  path: Packages/com.unity.timeline/Editor/StyleSheets/Images/Icons/d_TrackMuteButtonEnabled.png
  artifactKey: Guid(ac5017dfbeee42347b3b45ecc572674e) Importer(815301076,1909f56bfc062723c751e8b465ee728b)
Start importing Packages/com.unity.timeline/Editor/StyleSheets/Images/Icons/d_TrackMuteButtonEnabled.png using Guid(ac5017dfbeee42347b3b45ecc572674e) Importer(815301076,1909f56bfc062723c751e8b465ee728b)  -> (artifact id: 'd8e50ca53975518ed00ed412cfa43b26') in 0.037120 seconds 
  Import took 0.047038 seconds .

========================================================================
Received Import Request.
  Time since last request: 0.000442 seconds.
  path: Packages/com.unity.timeline/Editor/StyleSheets/Images/Icons/d_TrackMuteButtonEnabled@2x.png
  artifactKey: Guid(e54e20c7a9730fe4c822d63228527ae4) Importer(815301076,1909f56bfc062723c751e8b465ee728b)
Start importing Packages/com.unity.timeline/Editor/StyleSheets/Images/Icons/d_TrackMuteButtonEnabled@2x.png using Guid(e54e20c7a9730fe4c822d63228527ae4) Importer(815301076,1909f56bfc062723c751e8b465ee728b)  -> (artifact id: 'fe6cae2368bccf2a9cfa7870cd49e5e4') in 0.042311 seconds 
  Import took 0.052408 seconds .

========================================================================
Received Import Request.
  Time since last request: 0.000366 seconds.
  path: Packages/com.unity.timeline/Editor/StyleSheets/Images/Icons/d_TrackRecordButtonDisabled.png
  artifactKey: Guid(9c6daec86666cbb4b9e558b839a103db) Importer(815301076,1909f56bfc062723c751e8b465ee728b)
Start importing Packages/com.unity.timeline/Editor/StyleSheets/Images/Icons/d_TrackRecordButtonDisabled.png using Guid(9c6daec86666cbb4b9e558b839a103db) Importer(815301076,1909f56bfc062723c751e8b465ee728b)  -> (artifact id: 'aa5b94eacec62dd3eac14f47ba3588a7') in 0.039739 seconds 
  Import took 0.050488 seconds .

========================================================================
Received Import Request.
  Time since last request: 0.241817 seconds.
  path: Packages/com.unity.timeline/Editor/StyleSheets/Images/Icons/d_TrackRecordButtonDisabled@2x.png
  artifactKey: Guid(db15c78579dee4a4db85f392634c8ecc) Importer(815301076,1909f56bfc062723c751e8b465ee728b)
Start importing Packages/com.unity.timeline/Editor/StyleSheets/Images/Icons/d_TrackRecordButtonDisabled@2x.png using Guid(db15c78579dee4a4db85f392634c8ecc) Importer(815301076,1909f56bfc062723c751e8b465ee728b)  -> (artifact id: '93dad10b4952aab7230a4bf92be2328b') in 0.035581 seconds 
  Import took 0.046176 seconds .

========================================================================
Received Import Request.
  Time since last request: 0.000490 seconds.
  path: Packages/com.unity.timeline/Editor/StyleSheets/Images/Icons/d_TrackRecordButtonEnabled.png
  artifactKey: Guid(0e5ba0f04df278944a8f5a62f64f5aa6) Importer(815301076,1909f56bfc062723c751e8b465ee728b)
Start importing Packages/com.unity.timeline/Editor/StyleSheets/Images/Icons/d_TrackRecordButtonEnabled.png using Guid(0e5ba0f04df278944a8f5a62f64f5aa6) Importer(815301076,1909f56bfc062723c751e8b465ee728b)  -> (artifact id: 'ab1cc645e81f1e572d407eef58d7ecdd') in 0.038569 seconds 
  Import took 0.048981 seconds .

========================================================================
Received Import Request.
  Time since last request: 0.000475 seconds.
  path: Packages/com.unity.timeline/Editor/StyleSheets/Images/Icons/d_TrackRecordButtonEnabled@2x.png
  artifactKey: Guid(0f1c9a12872a30f45bab34f536332bb3) Importer(815301076,1909f56bfc062723c751e8b465ee728b)
Start importing Packages/com.unity.timeline/Editor/StyleSheets/Images/Icons/d_TrackRecordButtonEnabled@2x.png using Guid(0f1c9a12872a30f45bab34f536332bb3) Importer(815301076,1909f56bfc062723c751e8b465ee728b)  -> (artifact id: '8d88e49c09b050b4243960f2273c9b1c') in 0.040781 seconds 
  Import took 0.052218 seconds .

========================================================================
Received Import Request.
  Time since last request: 0.000421 seconds.
  path: Assets/UI/Menus/MainMenu/Market/sprites/dash.png
  artifactKey: Guid(1b869a47d5042c14f961bd72c5743cdc) Importer(815301076,1909f56bfc062723c751e8b465ee728b)
Start importing Assets/UI/Menus/MainMenu/Market/sprites/dash.png using Guid(1b869a47d5042c14f961bd72c5743cdc) Importer(815301076,1909f56bfc062723c751e8b465ee728b)  -> (artifact id: '58d16cae981ec74d05265b6fb2c6f2dd') in 0.053720 seconds 
  Import took 0.064156 seconds .

========================================================================
Received Import Request.
  Time since last request: 0.000390 seconds.
  path: Packages/com.unity.collab-proxy/Editor/Collaborate/Assets/Icons/deleted-file-dark@2x.png
  artifactKey: Guid(a7d900a247e707e45a257328c3ee381e) Importer(815301076,1909f56bfc062723c751e8b465ee728b)
Start importing Packages/com.unity.collab-proxy/Editor/Collaborate/Assets/Icons/deleted-file-dark@2x.png using Guid(a7d900a247e707e45a257328c3ee381e) Importer(815301076,1909f56bfc062723c751e8b465ee728b)  -> (artifact id: '697d0a1ef9a5f6532dfd82d88098c606') in 0.042160 seconds 
  Import took 0.052207 seconds .

========================================================================
Received Import Request.
  Time since last request: 0.000395 seconds.
  path: Packages/com.unity.collab-proxy/Editor/Collaborate/Assets/Icons/deleted-file-dark.png
  artifactKey: Guid(ce3ca6a541b5fbc4c80edb5195d78731) Importer(815301076,1909f56bfc062723c751e8b465ee728b)
Start importing Packages/com.unity.collab-proxy/Editor/Collaborate/Assets/Icons/deleted-file-dark.png using Guid(ce3ca6a541b5fbc4c80edb5195d78731) Importer(815301076,1909f56bfc062723c751e8b465ee728b)  -> (artifact id: '9ad5c3028801b4458af9d8ae72f5161e') in 0.039335 seconds 
  Import took 0.048720 seconds .

========================================================================
Received Import Request.
  Time since last request: 0.000437 seconds.
  path: Assets/UI/Menus/MainMenu/Market/sprites/dash time.png
  artifactKey: Guid(890a17fdaac8f074f9dfd916f6534c16) Importer(815301076,1909f56bfc062723c751e8b465ee728b)
Start importing Assets/UI/Menus/MainMenu/Market/sprites/dash time.png using Guid(890a17fdaac8f074f9dfd916f6534c16) Importer(815301076,1909f56bfc062723c751e8b465ee728b)  -> (artifact id: '2ba65ed649a80bbceeb818c7d034b1f3') in 0.049366 seconds 
  Import took 0.058489 seconds .

========================================================================
Received Import Request.
  Time since last request: 0.000388 seconds.
  path: Packages/com.unity.collab-proxy/Editor/Collaborate/Assets/Icons/diff-dark@2x.png
  artifactKey: Guid(1875b6a8fb148514ab1d9494eae2dd9e) Importer(815301076,1909f56bfc062723c751e8b465ee728b)
Start importing Packages/com.unity.collab-proxy/Editor/Collaborate/Assets/Icons/diff-dark@2x.png using Guid(1875b6a8fb148514ab1d9494eae2dd9e) Importer(815301076,1909f56bfc062723c751e8b465ee728b)  -> (artifact id: '2fc01f1b82a6fa9bb850cb049c29195b') in 0.041176 seconds 
  Import took 0.050415 seconds .

========================================================================
Received Import Request.
  Time since last request: 0.000395 seconds.
  path: Packages/com.unity.collab-proxy/Editor/Collaborate/Assets/Icons/diff-dark.png
  artifactKey: Guid(06bb2a7fb040987409dae109d185de22) Importer(815301076,1909f56bfc062723c751e8b465ee728b)
Start importing Packages/com.unity.collab-proxy/Editor/Collaborate/Assets/Icons/diff-dark.png using Guid(06bb2a7fb040987409dae109d185de22) Importer(815301076,1909f56bfc062723c751e8b465ee728b)  -> (artifact id: '7322f5b1be1319a7368405be4e83fde2') in 0.042710 seconds 
  Import took 0.052025 seconds .

========================================================================
Received Import Request.
  Time since last request: 0.000374 seconds.
  path: Packages/com.unity.collab-proxy/Editor/Collaborate/Assets/Icons/deleted-file-light@2x.png
  artifactKey: Guid(f1c735dde115d4f4c9ff5c633f07fbb8) Importer(815301076,1909f56bfc062723c751e8b465ee728b)
Start importing Packages/com.unity.collab-proxy/Editor/Collaborate/Assets/Icons/deleted-file-light@2x.png using Guid(f1c735dde115d4f4c9ff5c633f07fbb8) Importer(815301076,1909f56bfc062723c751e8b465ee728b)  -> (artifact id: '2bdeabe7ccc01da4b744def2cdf4eea7') in 0.039950 seconds 
  Import took 0.048362 seconds .

========================================================================
Received Import Request.
  Time since last request: 0.000387 seconds.
  path: Packages/com.unity.collab-proxy/Editor/Collaborate/Assets/Icons/deleted-file-light.png
  artifactKey: Guid(bb678af880b2dd74cbd76186590c66da) Importer(815301076,1909f56bfc062723c751e8b465ee728b)
Start importing Packages/com.unity.collab-proxy/Editor/Collaborate/Assets/Icons/deleted-file-light.png using Guid(bb678af880b2dd74cbd76186590c66da) Importer(815301076,1909f56bfc062723c751e8b465ee728b)  -> (artifact id: 'f672037039f45be558e80ca526ddd8c2') in 0.042452 seconds 
  Import took 0.052730 seconds .

========================================================================
Received Import Request.
  Time since last request: 0.000358 seconds.
  path: Assets/UI/Menus/MainMenu/Market/sprites/dash icon.jpg
  artifactKey: Guid(3fc3002da85312c4ab1ed6c3456970af) Importer(815301076,1909f56bfc062723c751e8b465ee728b)
Start importing Assets/UI/Menus/MainMenu/Market/sprites/dash icon.jpg using Guid(3fc3002da85312c4ab1ed6c3456970af) Importer(815301076,1909f56bfc062723c751e8b465ee728b)  -> (artifact id: '3b35a80175cb968e4fdac96db13fe2db') in 0.049202 seconds 
  Import took 0.057644 seconds .

========================================================================
Received Import Request.
  Time since last request: 0.003753 seconds.
  path: Packages/com.unity.collab-proxy/Editor/Collaborate/Assets/Icons/diff-light.png
  artifactKey: Guid(f4d24f788ff8ef0448d273529dc5d9a0) Importer(815301076,1909f56bfc062723c751e8b465ee728b)
Start importing Packages/com.unity.collab-proxy/Editor/Collaborate/Assets/Icons/diff-light.png using Guid(f4d24f788ff8ef0448d273529dc5d9a0) Importer(815301076,1909f56bfc062723c751e8b465ee728b)  -> (artifact id: 'fa8a082b699b691f9268f837ac9fa487') in 0.038344 seconds 
  Import took 0.048609 seconds .

========================================================================
Received Import Request.
  Time since last request: 0.000389 seconds.
  path: Packages/com.unity.collab-proxy/Editor/Collaborate/Assets/Icons/diff-light@2x.png
  artifactKey: Guid(56f45ee382e8dc847bd536ba8de7300b) Importer(815301076,1909f56bfc062723c751e8b465ee728b)
Start importing Packages/com.unity.collab-proxy/Editor/Collaborate/Assets/Icons/diff-light@2x.png using Guid(56f45ee382e8dc847bd536ba8de7300b) Importer(815301076,1909f56bfc062723c751e8b465ee728b)  -> (artifact id: '922594611c368d68dded8c20bd3cdfa8') in 0.037875 seconds 
  Import took 0.046662 seconds .

========================================================================
Received Import Request.
  Time since last request: 0.000339 seconds.
  path: Packages/com.unity.probuilder/Content/About/Images/DownloadPB_Hover.png
  artifactKey: Guid(814f189721a304a02932c67ebbecb414) Importer(815301076,1909f56bfc062723c751e8b465ee728b)
Start importing Packages/com.unity.probuilder/Content/About/Images/DownloadPB_Hover.png using Guid(814f189721a304a02932c67ebbecb414) Importer(815301076,1909f56bfc062723c751e8b465ee728b)  -> (artifact id: '52eddbfdc7835262e4a112d6acf1a8e5') in 0.042062 seconds 
  Import took 0.052372 seconds .

========================================================================
Received Import Request.
  Time since last request: 0.000397 seconds.
  path: Packages/com.unity.render-pipelines.core/Editor/LookDev/Icons/Duplicate@2x.png
  artifactKey: Guid(91ffd37b0545bf6448f8d937736130a1) Importer(815301076,1909f56bfc062723c751e8b465ee728b)
Start importing Packages/com.unity.render-pipelines.core/Editor/LookDev/Icons/Duplicate@2x.png using Guid(91ffd37b0545bf6448f8d937736130a1) Importer(815301076,1909f56bfc062723c751e8b465ee728b)  -> (artifact id: '84433e7f85b267e318e0b82ee8c3a6a0') in 0.047303 seconds 
  Import took 0.056844 seconds .

========================================================================
Received Import Request.
  Time since last request: 0.000417 seconds.
  path: Packages/com.unity.render-pipelines.core/Editor/LookDev/Icons/Duplicate.png
  artifactKey: Guid(352dd7fc77ee28c479bf6504efe94f16) Importer(815301076,1909f56bfc062723c751e8b465ee728b)
Start importing Packages/com.unity.render-pipelines.core/Editor/LookDev/Icons/Duplicate.png using Guid(352dd7fc77ee28c479bf6504efe94f16) Importer(815301076,1909f56bfc062723c751e8b465ee728b)  -> (artifact id: 'f02e7a03f85c76895e00878782396597') in 0.043637 seconds 
  Import took 0.052771 seconds .

========================================================================
Received Import Request.
  Time since last request: 0.000392 seconds.
  path: Packages/com.unity.probuilder/Content/About/Images/DownloadPB_Normal.png
  artifactKey: Guid(a33bffda6aac3479fb64e64b38663ad9) Importer(815301076,1909f56bfc062723c751e8b465ee728b)
Start importing Packages/com.unity.probuilder/Content/About/Images/DownloadPB_Normal.png using Guid(a33bffda6aac3479fb64e64b38663ad9) Importer(815301076,1909f56bfc062723c751e8b465ee728b)  -> (artifact id: 'f869089e86c3f9e958c3dd90840db16a') in 0.037618 seconds 
  Import took 0.046292 seconds .

========================================================================
Received Import Request.
  Time since last request: 0.534942 seconds.
  path: Packages/com.unity.probuilder/Content/Icons/Toolbar/Edge_Bevel.png
  artifactKey: Guid(43dee953c3e16437c905284d61f0b482) Importer(815301076,1909f56bfc062723c751e8b465ee728b)
Start importing Packages/com.unity.probuilder/Content/Icons/Toolbar/Edge_Bevel.png using Guid(43dee953c3e16437c905284d61f0b482) Importer(815301076,1909f56bfc062723c751e8b465ee728b)  -> (artifact id: '0a399506180d488d5f449cf2622d2aa5') in 0.038432 seconds 
  Import took 0.048879 seconds .

========================================================================
Received Import Request.
  Time since last request: 0.000462 seconds.
  path: Packages/com.unity.probuilder/Content/Icons/Toolbar/Edge_Bridge.png
  artifactKey: Guid(249ff8f97942f46bf9c03f603e87df35) Importer(815301076,1909f56bfc062723c751e8b465ee728b)
Start importing Packages/com.unity.probuilder/Content/Icons/Toolbar/Edge_Bridge.png using Guid(249ff8f97942f46bf9c03f603e87df35) Importer(815301076,1909f56bfc062723c751e8b465ee728b)  -> (artifact id: '570994b97e94fbcdd73240e8e7653915') in 0.042139 seconds 
  Import took 0.051619 seconds .

========================================================================
Received Import Request.
  Time since last request: 0.000449 seconds.
  path: Packages/com.unity.probuilder/Content/Icons/Toolbar/Edge_Bevel_disabled.png
  artifactKey: Guid(856657b62858748498f0ca756ea934af) Importer(815301076,1909f56bfc062723c751e8b465ee728b)
Start importing Packages/com.unity.probuilder/Content/Icons/Toolbar/Edge_Bevel_disabled.png using Guid(856657b62858748498f0ca756ea934af) Importer(815301076,1909f56bfc062723c751e8b465ee728b)  -> (artifact id: 'c227bcca55bde0e8845013d81689ed10') in 0.037794 seconds 
  Import took 0.046537 seconds .

========================================================================
Received Import Request.
  Time since last request: 0.103877 seconds.
  path: Packages/com.unity.probuilder/Content/Icons/Toolbar/Edge_Bridge_disabled.png
  artifactKey: Guid(821257d58060c41e29f55ecdab551f4b) Importer(815301076,1909f56bfc062723c751e8b465ee728b)
Start importing Packages/com.unity.probuilder/Content/Icons/Toolbar/Edge_Bridge_disabled.png using Guid(821257d58060c41e29f55ecdab551f4b) Importer(815301076,1909f56bfc062723c751e8b465ee728b)  -> (artifact id: '7139c29bc0e47300c480c2b819417fba') in 0.034907 seconds 
  Import took 0.043275 seconds .

========================================================================
Received Import Request.
  Time since last request: 0.000402 seconds.
  path: Packages/com.unity.probuilder/Content/Icons/Toolbar/Edge_Connect_disabled.png
  artifactKey: Guid(730c69e680a894479906e6b80fe5c3c9) Importer(815301076,1909f56bfc062723c751e8b465ee728b)
Start importing Packages/com.unity.probuilder/Content/Icons/Toolbar/Edge_Connect_disabled.png using Guid(730c69e680a894479906e6b80fe5c3c9) Importer(815301076,1909f56bfc062723c751e8b465ee728b)  -> (artifact id: '154b745153233c3cd4a05ecd7a13f603') in 0.039219 seconds 
  Import took 0.048781 seconds .

========================================================================
Received Import Request.
  Time since last request: 0.000404 seconds.
  path: Packages/com.unity.probuilder/Content/Icons/Toolbar/Edge_Connect.png
  artifactKey: Guid(a8aaa3be9d93e4e979be2cdb9b36c5a7) Importer(815301076,1909f56bfc062723c751e8b465ee728b)
Start importing Packages/com.unity.probuilder/Content/Icons/Toolbar/Edge_Connect.png using Guid(a8aaa3be9d93e4e979be2cdb9b36c5a7) Importer(815301076,1909f56bfc062723c751e8b465ee728b)  -> (artifact id: '202518bc0a6c9ba0558fc00a92e3f7b5') in 0.045303 seconds 
  Import took 0.054135 seconds .

========================================================================
Received Import Request.
  Time since last request: 0.486436 seconds.
  path: Packages/com.unity.probuilder/Content/Icons/Toolbar/Edge_Extrude.png
  artifactKey: Guid(17ca372dc70ce445795e5327fd14617d) Importer(815301076,1909f56bfc062723c751e8b465ee728b)
Start importing Packages/com.unity.probuilder/Content/Icons/Toolbar/Edge_Extrude.png using Guid(17ca372dc70ce445795e5327fd14617d) Importer(815301076,1909f56bfc062723c751e8b465ee728b)  -> (artifact id: '0043ed42587163db151db613af48343f') in 0.035975 seconds 
  Import took 0.045692 seconds .

========================================================================
Received Import Request.
  Time since last request: 0.000437 seconds.
  path: Packages/com.unity.probuilder/Content/Icons/Toolbar/Edge_Extrude_disabled.png
  artifactKey: Guid(d9267088ae9cb49389e48118c2a3b389) Importer(815301076,1909f56bfc062723c751e8b465ee728b)
Start importing Packages/com.unity.probuilder/Content/Icons/Toolbar/Edge_Extrude_disabled.png using Guid(d9267088ae9cb49389e48118c2a3b389) Importer(815301076,1909f56bfc062723c751e8b465ee728b)  -> (artifact id: '65df3c1bff51f5eb8688a3bb315af6b7') in 0.043027 seconds 
  Import took 0.052289 seconds .

========================================================================
Received Import Request.
  Time since last request: 0.000466 seconds.
  path: Packages/com.unity.probuilder/Content/Icons/Toolbar/Edge_FillHole.png
  artifactKey: Guid(8af90ff5f51264541a5c2a2b24b3d0bf) Importer(815301076,1909f56bfc062723c751e8b465ee728b)
Start importing Packages/com.unity.probuilder/Content/Icons/Toolbar/Edge_FillHole.png using Guid(8af90ff5f51264541a5c2a2b24b3d0bf) Importer(815301076,1909f56bfc062723c751e8b465ee728b)  -> (artifact id: 'dce3152a4aced7eaef471173c6522765') in 0.044053 seconds 
  Import took 0.052607 seconds .

========================================================================
Received Import Request.
  Time since last request: 0.000475 seconds.
  path: Packages/com.unity.probuilder/Content/Icons/Toolbar/Edge_FillHole_disabled.png
  artifactKey: Guid(b7defbd9ac0184d85b28922c48f45cea) Importer(815301076,1909f56bfc062723c751e8b465ee728b)
Start importing Packages/com.unity.probuilder/Content/Icons/Toolbar/Edge_FillHole_disabled.png using Guid(b7defbd9ac0184d85b28922c48f45cea) Importer(815301076,1909f56bfc062723c751e8b465ee728b)  -> (artifact id: 'd17d2b8205446b227f8c78611c7010f1') in 0.042324 seconds 
  Import took 0.050675 seconds .

========================================================================
Received Import Request.
  Time since last request: 0.000411 seconds.
  path: Packages/com.unity.probuilder/Content/Icons/Toolbar/Edge_InsertLoop.png
  artifactKey: Guid(c84a11398243f4f019945e198b15e027) Importer(815301076,1909f56bfc062723c751e8b465ee728b)
Start importing Packages/com.unity.probuilder/Content/Icons/Toolbar/Edge_InsertLoop.png using Guid(c84a11398243f4f019945e198b15e027) Importer(815301076,1909f56bfc062723c751e8b465ee728b)  -> (artifact id: 'b081f9a9fe0d23106992b0ccc859f1e8') in 0.039156 seconds 
  Import took 0.047598 seconds .

========================================================================
Received Import Request.
  Time since last request: 0.000390 seconds.
  path: Packages/com.unity.probuilder/Content/Icons/Toolbar/Edge_InsertLoop_disabled.png
  artifactKey: Guid(0c2118973b15a41de89e16923ee7d23d) Importer(815301076,1909f56bfc062723c751e8b465ee728b)
Start importing Packages/com.unity.probuilder/Content/Icons/Toolbar/Edge_InsertLoop_disabled.png using Guid(0c2118973b15a41de89e16923ee7d23d) Importer(815301076,1909f56bfc062723c751e8b465ee728b)  -> (artifact id: '7e4ea87744a048a95b39f7206864a17b') in 0.038087 seconds 
  Import took 0.047987 seconds .

========================================================================
Received Import Request.
  Time since last request: 0.182778 seconds.
  path: Packages/com.unity.probuilder/Content/Icons/Toolbar/Edge_Subdivide.png
  artifactKey: Guid(03784ef963c4741f1a1766dff98f093c) Importer(815301076,1909f56bfc062723c751e8b465ee728b)
Start importing Packages/com.unity.probuilder/Content/Icons/Toolbar/Edge_Subdivide.png using Guid(03784ef963c4741f1a1766dff98f093c) Importer(815301076,1909f56bfc062723c751e8b465ee728b)  -> (artifact id: '0a80850912982f51fe86356e076b78d4') in 0.041792 seconds 
  Import took 0.052181 seconds .

========================================================================
Received Import Request.
  Time since last request: 0.000479 seconds.
  path: Packages/com.unity.collab-proxy/Editor/Collaborate/Assets/Icons/edited-file-dark@2x.png
  artifactKey: Guid(cdf2b54d520524c418aed1dc00eec185) Importer(815301076,1909f56bfc062723c751e8b465ee728b)
Start importing Packages/com.unity.collab-proxy/Editor/Collaborate/Assets/Icons/edited-file-dark@2x.png using Guid(cdf2b54d520524c418aed1dc00eec185) Importer(815301076,1909f56bfc062723c751e8b465ee728b)  -> (artifact id: '7e101a47227d49f32cf7bdf5c3eedac7') in 0.036762 seconds 
  Import took 0.046716 seconds .

========================================================================
Received Import Request.
  Time since last request: 0.000453 seconds.
  path: Packages/com.unity.probuilder/Content/Icons/Toolbar/Edge_Subdivide_disabled.png
  artifactKey: Guid(1d3cfa6d5d3be48b49f9bc2055d9cc25) Importer(815301076,1909f56bfc062723c751e8b465ee728b)
Start importing Packages/com.unity.probuilder/Content/Icons/Toolbar/Edge_Subdivide_disabled.png using Guid(1d3cfa6d5d3be48b49f9bc2055d9cc25) Importer(815301076,1909f56bfc062723c751e8b465ee728b)  -> (artifact id: '34f7793a0c2c61ff20bb1abd5c54d8dd') in 0.041578 seconds 
  Import took 0.052315 seconds .

========================================================================
Received Import Request.
  Time since last request: 0.000392 seconds.
  path: Packages/com.unity.collab-proxy/Editor/Collaborate/Assets/Icons/edited-file-dark.png
  artifactKey: Guid(bcc2167ce63c6264b9c1295e97bec6bc) Importer(815301076,1909f56bfc062723c751e8b465ee728b)
Start importing Packages/com.unity.collab-proxy/Editor/Collaborate/Assets/Icons/edited-file-dark.png using Guid(bcc2167ce63c6264b9c1295e97bec6bc) Importer(815301076,1909f56bfc062723c751e8b465ee728b)  -> (artifact id: '69b1e11fd201f24f63f945ee5bc89477') in 0.036654 seconds 
  Import took 0.047373 seconds .

========================================================================
Received Import Request.
  Time since last request: 0.000377 seconds.
  path: Packages/com.unity.render-pipelines.core/Editor/LookDev/Icons/Environment@2x.png
  artifactKey: Guid(515b65dc95319f3409d6b0b5f866ac33) Importer(815301076,1909f56bfc062723c751e8b465ee728b)
Start importing Packages/com.unity.render-pipelines.core/Editor/LookDev/Icons/Environment@2x.png using Guid(515b65dc95319f3409d6b0b5f866ac33) Importer(815301076,1909f56bfc062723c751e8b465ee728b)  -> (artifact id: 'd935fe6b05b094acaf3c8f721d86470b') in 0.047355 seconds 
  Import took 0.056460 seconds .

========================================================================
Received Import Request.
  Time since last request: 0.000351 seconds.
  path: Assets/ThirdParty/TextMesh Pro/Sprites/EmojiOne.png
  artifactKey: Guid(dffef66376be4fa480fb02b19edbe903) Importer(815301076,1909f56bfc062723c751e8b465ee728b)
Start importing Assets/ThirdParty/TextMesh Pro/Sprites/EmojiOne.png using Guid(dffef66376be4fa480fb02b19edbe903) Importer(815301076,1909f56bfc062723c751e8b465ee728b)  -> (artifact id: 'be8eb8626fe46eef2ed551465a8a3cba') in 0.042806 seconds 
  Import took 0.051456 seconds .

========================================================================
Received Import Request.
  Time since last request: 0.000398 seconds.
  path: Packages/com.unity.render-pipelines.core/Editor/LookDev/Icons/Environment.png
  artifactKey: Guid(8accc003516bedf4b94c9c8a86b2b6a1) Importer(815301076,1909f56bfc062723c751e8b465ee728b)
Start importing Packages/com.unity.render-pipelines.core/Editor/LookDev/Icons/Environment.png using Guid(8accc003516bedf4b94c9c8a86b2b6a1) Importer(815301076,1909f56bfc062723c751e8b465ee728b)  -> (artifact id: '0a0f1437d0748a0e1ca6953f6343c010') in 0.045640 seconds 
  Import took 0.055994 seconds .

========================================================================
Received Import Request.
  Time since last request: 0.000356 seconds.
  path: Packages/com.unity.collab-proxy/Editor/Collaborate/Assets/Icons/edited-file-light@2x.png
  artifactKey: Guid(c5b20b1351db04e44b3baeba4679c8d7) Importer(815301076,1909f56bfc062723c751e8b465ee728b)
Start importing Packages/com.unity.collab-proxy/Editor/Collaborate/Assets/Icons/edited-file-light@2x.png using Guid(c5b20b1351db04e44b3baeba4679c8d7) Importer(815301076,1909f56bfc062723c751e8b465ee728b)  -> (artifact id: '0e12eb28bdbe03ce5ce39fb76304e85b') in 0.052703 seconds 
  Import took 0.066637 seconds .

========================================================================
Received Import Request.
  Time since last request: 0.000407 seconds.
  path: Packages/com.unity.collab-proxy/Editor/Collaborate/Assets/Icons/edited-file-light.png
  artifactKey: Guid(33c1613cec3e57243baaa6b3dba6fec5) Importer(815301076,1909f56bfc062723c751e8b465ee728b)
Start importing Packages/com.unity.collab-proxy/Editor/Collaborate/Assets/Icons/edited-file-light.png using Guid(33c1613cec3e57243baaa6b3dba6fec5) Importer(815301076,1909f56bfc062723c751e8b465ee728b)  -> (artifact id: '1f32a69ce546ad97ee17b784f13843a2') in 0.048541 seconds 
  Import took 0.063221 seconds .

========================================================================
Received Import Request.
  Time since last request: 0.038261 seconds.
  path: Packages/com.unity.probuilder/Content/Icons/Toolbar/ExtrudeFace_FaceNormals.png
  artifactKey: Guid(452fce3d684314606b2da9b5dbf4eb8e) Importer(815301076,1909f56bfc062723c751e8b465ee728b)
Start importing Packages/com.unity.probuilder/Content/Icons/Toolbar/ExtrudeFace_FaceNormals.png using Guid(452fce3d684314606b2da9b5dbf4eb8e) Importer(815301076,1909f56bfc062723c751e8b465ee728b)  -> (artifact id: 'aa0c71a27ad21a6b09af6d1185f0caf2') in 0.035364 seconds 
  Import took 0.044969 seconds .

========================================================================
Received Import Request.
  Time since last request: 0.000367 seconds.
  path: Packages/com.unity.probuilder/Content/Icons/Toolbar/ExtrudeFace_Individual_disabled.png
  artifactKey: Guid(d0945ff31532a4cc2adacd46c6abfc91) Importer(815301076,1909f56bfc062723c751e8b465ee728b)
Start importing Packages/com.unity.probuilder/Content/Icons/Toolbar/ExtrudeFace_Individual_disabled.png using Guid(d0945ff31532a4cc2adacd46c6abfc91) Importer(815301076,1909f56bfc062723c751e8b465ee728b)  -> (artifact id: '20d586ea3d649aa45a40d37daca4faa4') in 0.037540 seconds 
  Import took 0.046083 seconds .

========================================================================
Received Import Request.
  Time since last request: 0.000439 seconds.
  path: Packages/com.unity.probuilder/Content/Icons/Toolbar/ExtrudeFace_FaceNormals_disabled.png
  artifactKey: Guid(504f22e2501944c509a1de50190e680e) Importer(815301076,1909f56bfc062723c751e8b465ee728b)
Start importing Packages/com.unity.probuilder/Content/Icons/Toolbar/ExtrudeFace_FaceNormals_disabled.png using Guid(504f22e2501944c509a1de50190e680e) Importer(815301076,1909f56bfc062723c751e8b465ee728b)  -> (artifact id: 'd5197819b012ccaeb330b7327c098c2a') in 0.039752 seconds 
  Import took 0.049710 seconds .

========================================================================
Received Import Request.
  Time since last request: 0.000667 seconds.
  path: Packages/com.unity.probuilder/Content/Icons/Toolbar/ExtrudeFace_Individual.png
  artifactKey: Guid(ea438799abcec451b801b70c7299438b) Importer(815301076,1909f56bfc062723c751e8b465ee728b)
Start importing Packages/com.unity.probuilder/Content/Icons/Toolbar/ExtrudeFace_Individual.png using Guid(ea438799abcec451b801b70c7299438b) Importer(815301076,1909f56bfc062723c751e8b465ee728b)  -> (artifact id: '842d5bb99fb0d6529b53f70de87765f2') in 0.047171 seconds 
  Import took 0.056253 seconds .

========================================================================
Received Import Request.
  Time since last request: 0.000369 seconds.
  path: Packages/com.unity.probuilder/Content/Icons/Toolbar/ExtrudeFace_VertexNormals_disabled.png
  artifactKey: Guid(73806305a4e494c60aabf8cb0b4bf5e0) Importer(815301076,1909f56bfc062723c751e8b465ee728b)
Start importing Packages/com.unity.probuilder/Content/Icons/Toolbar/ExtrudeFace_VertexNormals_disabled.png using Guid(73806305a4e494c60aabf8cb0b4bf5e0) Importer(815301076,1909f56bfc062723c751e8b465ee728b)  -> (artifact id: 'fa256c41b34910b815324341cf66da83') in 0.047020 seconds 
  Import took 0.059577 seconds .

========================================================================
Received Import Request.
  Time since last request: 0.000451 seconds.
  path: Packages/com.unity.probuilder/Content/Icons/Toolbar/ExtrudeFace_VertexNormals.png
  artifactKey: Guid(43ec922af57f445fab34eb16c76ee135) Importer(815301076,1909f56bfc062723c751e8b465ee728b)
Start importing Packages/com.unity.probuilder/Content/Icons/Toolbar/ExtrudeFace_VertexNormals.png using Guid(43ec922af57f445fab34eb16c76ee135) Importer(815301076,1909f56bfc062723c751e8b465ee728b)  -> (artifact id: '285a7e654be8bd820e34d21bd7a809b5') in 0.051359 seconds 
  Import took 0.064490 seconds .

========================================================================
Received Import Request.
  Time since last request: 0.086687 seconds.
  path: Packages/com.unity.probuilder/Content/Icons/Toolbar/Eye_Off.png
  artifactKey: Guid(ed0f7a8b882ee4f6abefc9996d60afc2) Importer(815301076,1909f56bfc062723c751e8b465ee728b)
Start importing Packages/com.unity.probuilder/Content/Icons/Toolbar/Eye_Off.png using Guid(ed0f7a8b882ee4f6abefc9996d60afc2) Importer(815301076,1909f56bfc062723c751e8b465ee728b)  -> (artifact id: '53a074fb1d4329c121377e7322472cba') in 0.045614 seconds 
  Import took 0.058088 seconds .

========================================================================
Received Import Request.
  Time since last request: 0.000387 seconds.
  path: Packages/com.unity.probuilder/Content/Icons/Toolbar/Eye_Off_Light.png
  artifactKey: Guid(20d44a66b868d48ed8ec4ac8700c1807) Importer(815301076,1909f56bfc062723c751e8b465ee728b)
Start importing Packages/com.unity.probuilder/Content/Icons/Toolbar/Eye_Off_Light.png using Guid(20d44a66b868d48ed8ec4ac8700c1807) Importer(815301076,1909f56bfc062723c751e8b465ee728b)  -> (artifact id: '85c02709ac0d4872545906f16865106d') in 0.039999 seconds 
  Import took 0.050804 seconds .

========================================================================
Received Import Request.
  Time since last request: 0.000393 seconds.
  path: Packages/com.unity.probuilder/Content/Icons/Toolbar/Eye_On.png
  artifactKey: Guid(b6d07916b2876498ebc65ab5a16ed9c5) Importer(815301076,1909f56bfc062723c751e8b465ee728b)
Start importing Packages/com.unity.probuilder/Content/Icons/Toolbar/Eye_On.png using Guid(b6d07916b2876498ebc65ab5a16ed9c5) Importer(815301076,1909f56bfc062723c751e8b465ee728b)  -> (artifact id: '3506b42399d9c0f4196d4a9fceaec27b') in 0.041207 seconds 
  Import took 0.051542 seconds .

========================================================================
Received Import Request.
  Time since last request: 0.000447 seconds.
  path: Packages/com.unity.probuilder/Content/Icons/Toolbar/Eye_On_Light.png
  artifactKey: Guid(dbc263b202df744759ce4e89d5de7a22) Importer(815301076,1909f56bfc062723c751e8b465ee728b)
Start importing Packages/com.unity.probuilder/Content/Icons/Toolbar/Eye_On_Light.png using Guid(dbc263b202df744759ce4e89d5de7a22) Importer(815301076,1909f56bfc062723c751e8b465ee728b)  -> (artifact id: '7b114798c267a8dd5d1b09f316a958da') in 0.048240 seconds 
  Import took 0.062068 seconds .

========================================================================
Received Import Request.
  Time since last request: 0.000500 seconds.
  path: Packages/com.unity.probuilder/Content/Icons/Toolbar/Face_ConformNormals_disabled.png
  artifactKey: Guid(ca1d1fcc0cd01419bba2407bfdc263f4) Importer(815301076,1909f56bfc062723c751e8b465ee728b)
Start importing Packages/com.unity.probuilder/Content/Icons/Toolbar/Face_ConformNormals_disabled.png using Guid(ca1d1fcc0cd01419bba2407bfdc263f4) Importer(815301076,1909f56bfc062723c751e8b465ee728b)  -> (artifact id: 'a5db1bbe1b791fd78a730c8c79f0e62a') in 0.048132 seconds 
  Import took 0.062733 seconds .

========================================================================
Received Import Request.
  Time since last request: 0.000391 seconds.
  path: Packages/com.unity.probuilder/Content/Icons/Toolbar/Face_Delete_disabled.png
  artifactKey: Guid(881426ae389ce4286a6761438a81f7a9) Importer(815301076,1909f56bfc062723c751e8b465ee728b)
Start importing Packages/com.unity.probuilder/Content/Icons/Toolbar/Face_Delete_disabled.png using Guid(881426ae389ce4286a6761438a81f7a9) Importer(815301076,1909f56bfc062723c751e8b465ee728b)  -> (artifact id: 'af3e38bb37fcefcb2c310705513a4bcc') in 0.047520 seconds 
  Import took 0.058425 seconds .

========================================================================
Received Import Request.
  Time since last request: 0.000645 seconds.
  path: Packages/com.unity.probuilder/Content/Icons/Toolbar/Face_Delete.png
  artifactKey: Guid(f5cbc2065eed9419bbc68124aad2ff87) Importer(815301076,1909f56bfc062723c751e8b465ee728b)
Start importing Packages/com.unity.probuilder/Content/Icons/Toolbar/Face_Delete.png using Guid(f5cbc2065eed9419bbc68124aad2ff87) Importer(815301076,1909f56bfc062723c751e8b465ee728b)  -> (artifact id: '628ede46ade449f0b83f38eaee1da2d2') in 0.038138 seconds 
  Import took 0.047140 seconds .

========================================================================
Received Import Request.
  Time since last request: 0.000421 seconds.
  path: Packages/com.unity.probuilder/Content/Icons/Toolbar/Face_ConformNormals.png
  artifactKey: Guid(414975dfc411e44d5873e1298b1badc4) Importer(815301076,1909f56bfc062723c751e8b465ee728b)
Start importing Packages/com.unity.probuilder/Content/Icons/Toolbar/Face_ConformNormals.png using Guid(414975dfc411e44d5873e1298b1badc4) Importer(815301076,1909f56bfc062723c751e8b465ee728b)  -> (artifact id: '42e7e7d6414c62a283a77b0130583c4b') in 0.036889 seconds 
  Import took 0.047368 seconds .

========================================================================
Received Import Request.
  Time since last request: 0.000359 seconds.
  path: Packages/com.unity.probuilder/Content/Icons/Toolbar/Face_BreakSmoothing.png
  artifactKey: Guid(530fa8faf4a75475a91594dc67b3d727) Importer(815301076,1909f56bfc062723c751e8b465ee728b)
Start importing Packages/com.unity.probuilder/Content/Icons/Toolbar/Face_BreakSmoothing.png using Guid(530fa8faf4a75475a91594dc67b3d727) Importer(815301076,1909f56bfc062723c751e8b465ee728b)  -> (artifact id: '6717f3184d3c9326e2a2283549308b70') in 0.041970 seconds 
  Import took 0.052615 seconds .

========================================================================
Received Import Request.
  Time since last request: 0.009006 seconds.
  path: Packages/com.unity.probuilder/Content/Icons/Toolbar/Face_Detach.png
  artifactKey: Guid(335e609d01b074d95b939ad7401a2f6c) Importer(815301076,1909f56bfc062723c751e8b465ee728b)
Start importing Packages/com.unity.probuilder/Content/Icons/Toolbar/Face_Detach.png using Guid(335e609d01b074d95b939ad7401a2f6c) Importer(815301076,1909f56bfc062723c751e8b465ee728b)  -> (artifact id: '2bf6d4a5539cbc17a6d231ce469c8f74') in 0.039739 seconds 
  Import took 0.051735 seconds .

========================================================================
Received Import Request.
  Time since last request: 0.000445 seconds.
  path: Packages/com.unity.probuilder/Content/Icons/Toolbar/Face_Duplicate.png
  artifactKey: Guid(873f5a608d94f1a41950dd475505ac99) Importer(815301076,1909f56bfc062723c751e8b465ee728b)
Start importing Packages/com.unity.probuilder/Content/Icons/Toolbar/Face_Duplicate.png using Guid(873f5a608d94f1a41950dd475505ac99) Importer(815301076,1909f56bfc062723c751e8b465ee728b)  -> (artifact id: '36971ca1e5b9421dad735afe351ab826') in 0.038575 seconds 
  Import took 0.049793 seconds .

========================================================================
Received Import Request.
  Time since last request: 0.000391 seconds.
  path: Packages/com.unity.probuilder/Content/Icons/Toolbar/Face_Duplicate_disabled.png
  artifactKey: Guid(9fb527c1d5169144fac9f1e2a44989a7) Importer(815301076,1909f56bfc062723c751e8b465ee728b)
Start importing Packages/com.unity.probuilder/Content/Icons/Toolbar/Face_Duplicate_disabled.png using Guid(9fb527c1d5169144fac9f1e2a44989a7) Importer(815301076,1909f56bfc062723c751e8b465ee728b)  -> (artifact id: '766aa33e74a40fce3b42be2ba73ebfe4') in 0.037582 seconds 
  Import took 0.046725 seconds .

========================================================================
Received Import Request.
  Time since last request: 0.000328 seconds.
  path: Packages/com.unity.probuilder/Content/Icons/Toolbar/Face_FlipNormals.png
  artifactKey: Guid(969f83c37cad7444db46027976fc291f) Importer(815301076,1909f56bfc062723c751e8b465ee728b)
Start importing Packages/com.unity.probuilder/Content/Icons/Toolbar/Face_FlipNormals.png using Guid(969f83c37cad7444db46027976fc291f) Importer(815301076,1909f56bfc062723c751e8b465ee728b)  -> (artifact id: '56242fe8e0ffbf211229529e0afebc3b') in 0.039269 seconds 
  Import took 0.048619 seconds .

========================================================================
Received Import Request.
  Time since last request: 0.000366 seconds.
  path: Packages/com.unity.probuilder/Content/Icons/Toolbar/Face_FlipNormals_3D.png
  artifactKey: Guid(6e1f06572201e4182b190d4afb94b36a) Importer(815301076,1909f56bfc062723c751e8b465ee728b)
Start importing Packages/com.unity.probuilder/Content/Icons/Toolbar/Face_FlipNormals_3D.png using Guid(6e1f06572201e4182b190d4afb94b36a) Importer(815301076,1909f56bfc062723c751e8b465ee728b)  -> (artifact id: 'f8a16da113b1014e18b2829cf9decb9b') in 0.043824 seconds 
  Import took 0.055082 seconds .

========================================================================
Received Import Request.
  Time since last request: 0.000442 seconds.
  path: Packages/com.unity.probuilder/Content/Icons/Toolbar/Face_Detach_disabled.png
  artifactKey: Guid(c75e468d031474cb8bb8fa55052f571e) Importer(815301076,1909f56bfc062723c751e8b465ee728b)
Start importing Packages/com.unity.probuilder/Content/Icons/Toolbar/Face_Detach_disabled.png using Guid(c75e468d031474cb8bb8fa55052f571e) Importer(815301076,1909f56bfc062723c751e8b465ee728b)  -> (artifact id: '7d3db846d2a58c6243163bf0537de7cd') in 0.053579 seconds 
  Import took 0.068057 seconds .

========================================================================
Received Import Request.
  Time since last request: 0.006969 seconds.
  path: Packages/com.unity.probuilder/Content/Icons/Toolbar/Face_FlipTri_disabled.png
  artifactKey: Guid(bfce4f99a83ff4a38a9f79cd9740e127) Importer(815301076,1909f56bfc062723c751e8b465ee728b)
Start importing Packages/com.unity.probuilder/Content/Icons/Toolbar/Face_FlipTri_disabled.png using Guid(bfce4f99a83ff4a38a9f79cd9740e127) Importer(815301076,1909f56bfc062723c751e8b465ee728b)  -> (artifact id: 'a41cf277a56e9f5b850f603e542feb50') in 0.049446 seconds 
  Import took 0.065366 seconds .

========================================================================
Received Import Request.
  Time since last request: 0.000370 seconds.
  path: Packages/com.unity.probuilder/Content/Icons/Toolbar/Face_Subdivide_disabled.png
  artifactKey: Guid(1969c94fa912348e9bd4d423c2618191) Importer(815301076,1909f56bfc062723c751e8b465ee728b)
Start importing Packages/com.unity.probuilder/Content/Icons/Toolbar/Face_Subdivide_disabled.png using Guid(1969c94fa912348e9bd4d423c2618191) Importer(815301076,1909f56bfc062723c751e8b465ee728b)  -> (artifact id: 'a324705e46ebaa31e80893919d641884') in 0.038204 seconds 
  Import took 0.049378 seconds .

========================================================================
Received Import Request.
  Time since last request: 0.000362 seconds.
  path: Packages/com.unity.probuilder/Content/Icons/Toolbar/Face_Subdivide.png
  artifactKey: Guid(f39740293786844af83a632bff1665d9) Importer(815301076,1909f56bfc062723c751e8b465ee728b)
Start importing Packages/com.unity.probuilder/Content/Icons/Toolbar/Face_Subdivide.png using Guid(f39740293786844af83a632bff1665d9) Importer(815301076,1909f56bfc062723c751e8b465ee728b)  -> (artifact id: 'c751c05e9425ea3b791e8f1449c8c057') in 0.038227 seconds 
  Import took 0.047417 seconds .

========================================================================
Received Import Request.
  Time since last request: 0.000342 seconds.
  path: Packages/com.unity.probuilder/Content/Icons/Toolbar/Face_Merge.png
  artifactKey: Guid(9a25118aa31374ba3a5030600816a351) Importer(815301076,1909f56bfc062723c751e8b465ee728b)
Start importing Packages/com.unity.probuilder/Content/Icons/Toolbar/Face_Merge.png using Guid(9a25118aa31374ba3a5030600816a351) Importer(815301076,1909f56bfc062723c751e8b465ee728b)  -> (artifact id: '267e66a0548d56340d98ffc31602b122') in 0.053662 seconds 
  Import took 0.069498 seconds .

========================================================================
Received Import Request.
  Time since last request: 0.000427 seconds.
  path: Packages/com.unity.probuilder/Content/Icons/Toolbar/Face_FlipNormals_disabled.png
  artifactKey: Guid(737f5ea0ac9e84e078766b1d2a99b7f3) Importer(815301076,1909f56bfc062723c751e8b465ee728b)
Start importing Packages/com.unity.probuilder/Content/Icons/Toolbar/Face_FlipNormals_disabled.png using Guid(737f5ea0ac9e84e078766b1d2a99b7f3) Importer(815301076,1909f56bfc062723c751e8b465ee728b)  -> (artifact id: 'f89f8fe0af3cd771f78ecbfd54619229') in 0.056918 seconds 
  Import took 0.069282 seconds .

========================================================================
Received Import Request.
  Time since last request: 0.000377 seconds.
  path: Packages/com.unity.probuilder/Content/Icons/Toolbar/Face_Triangulate.png
  artifactKey: Guid(c81b119083ec94dd381aa40cfdd3384d) Importer(815301076,1909f56bfc062723c751e8b465ee728b)
Start importing Packages/com.unity.probuilder/Content/Icons/Toolbar/Face_Triangulate.png using Guid(c81b119083ec94dd381aa40cfdd3384d) Importer(815301076,1909f56bfc062723c751e8b465ee728b)  -> (artifact id: '3d8d2da6f01618ffa0519c9e222f1064') in 0.038883 seconds 
  Import took 0.051031 seconds .

========================================================================
Received Import Request.
  Time since last request: 0.000340 seconds.
  path: Packages/com.unity.probuilder/Content/Icons/Toolbar/Face_Triangulate_disabled.png
  artifactKey: Guid(1415d1687434e48a19b4343226a4504c) Importer(815301076,1909f56bfc062723c751e8b465ee728b)
Start importing Packages/com.unity.probuilder/Content/Icons/Toolbar/Face_Triangulate_disabled.png using Guid(1415d1687434e48a19b4343226a4504c) Importer(815301076,1909f56bfc062723c751e8b465ee728b)  -> (artifact id: '7dd5160ae4954fbabe2438695677d4ac') in 0.036646 seconds 
  Import took 0.046920 seconds .

========================================================================
Received Import Request.
  Time since last request: 0.000347 seconds.
  path: Packages/com.unity.searcher/Editor/Resources/FlatSkin/Font/Roboto-MediumItalic.ttf
  artifactKey: Guid(d93c1bc57fdf1ac4dad1bf04fac05464) Importer(815301076,1909f56bfc062723c751e8b465ee728b)
Start importing Packages/com.unity.searcher/Editor/Resources/FlatSkin/Font/Roboto-MediumItalic.ttf using Guid(d93c1bc57fdf1ac4dad1bf04fac05464) Importer(815301076,1909f56bfc062723c751e8b465ee728b)  -> (artifact id: '0cea824c8eb6c1baed61ebbee5881f8c') in 0.088362 seconds 
  Import took 0.100706 seconds .

========================================================================
Received Import Request.
  Time since last request: 0.000443 seconds.
  path: Packages/com.unity.searcher/Editor/Resources/FlatSkin/Font/Roboto-Thin.ttf
  artifactKey: Guid(19a9abb883540be48b75b951a927ae03) Importer(815301076,1909f56bfc062723c751e8b465ee728b)
Start importing Packages/com.unity.searcher/Editor/Resources/FlatSkin/Font/Roboto-Thin.ttf using Guid(19a9abb883540be48b75b951a927ae03) Importer(815301076,1909f56bfc062723c751e8b465ee728b)  -> (artifact id: 'c75541ae195b6467c1f5eb3f45613f6c') in 0.059936 seconds 
  Import took 0.075164 seconds .

========================================================================
Received Import Request.
  Time since last request: 0.000420 seconds.
  path: Packages/com.unity.searcher/Editor/Resources/FlatSkin/Font/Roboto-BlackItalic.ttf
  artifactKey: Guid(f95147a9bab9fe649b8070170fa7ebd2) Importer(815301076,1909f56bfc062723c751e8b465ee728b)
Start importing Packages/com.unity.searcher/Editor/Resources/FlatSkin/Font/Roboto-BlackItalic.ttf using Guid(f95147a9bab9fe649b8070170fa7ebd2) Importer(815301076,1909f56bfc062723c751e8b465ee728b)  -> (artifact id: '59a663224e4bdeff2edd72cbff8145fe') in 0.060748 seconds 
  Import took 0.074916 seconds .

========================================================================
Received Import Request.
  Time since last request: 0.000391 seconds.
  path: Packages/com.unity.searcher/Editor/Resources/FlatSkin/Font/Roboto-Bold.ttf
  artifactKey: Guid(3750c318f40cab44a97d3a81beaefeb3) Importer(815301076,1909f56bfc062723c751e8b465ee728b)
Start importing Packages/com.unity.searcher/Editor/Resources/FlatSkin/Font/Roboto-Bold.ttf using Guid(3750c318f40cab44a97d3a81beaefeb3) Importer(815301076,1909f56bfc062723c751e8b465ee728b)  -> (artifact id: '8cf7f5faff94c2ccefa47f371a00d4f2') in 0.049050 seconds 
  Import took 0.058934 seconds .

========================================================================
Received Import Request.
  Time since last request: 0.000407 seconds.
  path: Packages/com.unity.searcher/Editor/Resources/FlatSkin/Font/Roboto-Italic.ttf
  artifactKey: Guid(c839255fc8f6b4b4d90bf8c1af9f9bd1) Importer(815301076,1909f56bfc062723c751e8b465ee728b)
Start importing Packages/com.unity.searcher/Editor/Resources/FlatSkin/Font/Roboto-Italic.ttf using Guid(c839255fc8f6b4b4d90bf8c1af9f9bd1) Importer(815301076,1909f56bfc062723c751e8b465ee728b)  -> (artifact id: '7ba9d0c2df780496dc0538739e013954') in 0.043184 seconds 
  Import took 0.053048 seconds .

========================================================================
Received Import Request.
  Time since last request: 0.000370 seconds.
  path: Packages/com.unity.searcher/Editor/Resources/FlatSkin/Font/Roboto-ThinItalic.ttf
  artifactKey: Guid(b2ea3b3f1765e544b9eb5bd1a93a91ce) Importer(815301076,1909f56bfc062723c751e8b465ee728b)
Start importing Packages/com.unity.searcher/Editor/Resources/FlatSkin/Font/Roboto-ThinItalic.ttf using Guid(b2ea3b3f1765e544b9eb5bd1a93a91ce) Importer(815301076,1909f56bfc062723c751e8b465ee728b)  -> (artifact id: '1a2151b7a754a4fe01bfa2f22a5f8bcc') in 0.046080 seconds 
  Import took 0.056849 seconds .

========================================================================
Received Import Request.
  Time since last request: 0.000349 seconds.
  path: Packages/com.unity.searcher/Editor/Resources/FlatSkin/Font/Roboto-Black.ttf
  artifactKey: Guid(1062c701058745940ae5dca6219c64c8) Importer(815301076,1909f56bfc062723c751e8b465ee728b)
Start importing Packages/com.unity.searcher/Editor/Resources/FlatSkin/Font/Roboto-Black.ttf using Guid(1062c701058745940ae5dca6219c64c8) Importer(815301076,1909f56bfc062723c751e8b465ee728b)  -> (artifact id: '340c59d9c057398842a6a4b05ab48cfd') in 0.048400 seconds 
  Import took 0.059501 seconds .

========================================================================
Received Import Request.
  Time since last request: 0.000403 seconds.
  path: Packages/com.unity.render-pipelines.core/Runtime/Debugging/Prefabs/Fonts/Perfect DOS VGA 437.ttf
  artifactKey: Guid(74a5091d8707f334b9a5c31ef71a64ba) Importer(815301076,1909f56bfc062723c751e8b465ee728b)
Start importing Packages/com.unity.render-pipelines.core/Runtime/Debugging/Prefabs/Fonts/Perfect DOS VGA 437.ttf using Guid(74a5091d8707f334b9a5c31ef71a64ba) Importer(815301076,1909f56bfc062723c751e8b465ee728b)  -> (artifact id: '8f60b83211f61b72e2a25134a6a50d00') in 0.050314 seconds 
  Import took 0.060188 seconds .

========================================================================
Received Import Request.
  Time since last request: 0.000396 seconds.
  path: Assets/Config/Fonts/OSWALD-VARIABLEFONT_WGHT 5.TTF
  artifactKey: Guid(cd8481221e8ef4c4aa0acc5606cb9510) Importer(815301076,1909f56bfc062723c751e8b465ee728b)
Start importing Assets/Config/Fonts/OSWALD-VARIABLEFONT_WGHT 5.TTF using Guid(cd8481221e8ef4c4aa0acc5606cb9510) Importer(815301076,1909f56bfc062723c751e8b465ee728b)  -> (artifact id: '388b0f35f33e00bc05a188254c0a467c') in 0.059828 seconds 
  Import took 0.073710 seconds .

========================================================================
Received Import Request.
  Time since last request: 0.000417 seconds.
  path: Packages/com.unity.probuilder/Content/Icons/Toolbar/Face_Merge_disabled.png
  artifactKey: Guid(b101a01607718410bb1121fee004c8b3) Importer(815301076,1909f56bfc062723c751e8b465ee728b)
Start importing Packages/com.unity.probuilder/Content/Icons/Toolbar/Face_Merge_disabled.png using Guid(b101a01607718410bb1121fee004c8b3) Importer(815301076,1909f56bfc062723c751e8b465ee728b)  -> (artifact id: '405f78d068bab9acd22da75afd1994ef') in 0.051836 seconds 
  Import took 0.065543 seconds .

========================================================================
Received Import Request.
  Time since last request: 0.000382 seconds.
  path: Packages/com.unity.searcher/Editor/Resources/FlatSkin/Font/Roboto-Regular.ttf
  artifactKey: Guid(30dc370b164eefc43b95744fc796dad0) Importer(815301076,1909f56bfc062723c751e8b465ee728b)
Start importing Packages/com.unity.searcher/Editor/Resources/FlatSkin/Font/Roboto-Regular.ttf using Guid(30dc370b164eefc43b95744fc796dad0) Importer(815301076,1909f56bfc062723c751e8b465ee728b)  -> (artifact id: '60d5a11a228260115b963f1614040668') in 0.067572 seconds 
  Import took 0.079715 seconds .

========================================================================
Received Import Request.
  Time since last request: 0.000351 seconds.
  path: Packages/com.unity.probuilder/Content/Icons/Toolbar/Face_FlipTri.png
  artifactKey: Guid(8160430d66b1b46058a38d6eb90f9c5d) Importer(815301076,1909f56bfc062723c751e8b465ee728b)
Start importing Packages/com.unity.probuilder/Content/Icons/Toolbar/Face_FlipTri.png using Guid(8160430d66b1b46058a38d6eb90f9c5d) Importer(815301076,1909f56bfc062723c751e8b465ee728b)  -> (artifact id: 'feb6812dcdfc0674d1e5232bfdcdb974') in 0.043246 seconds 
  Import took 0.052445 seconds .

========================================================================
Received Import Request.
  Time since last request: 0.000349 seconds.
  path: Assets/Config/Fonts/OSWALD-VARIABLEFONT_WGHT 3.TTF
  artifactKey: Guid(e1cbd2814fe265848842b264c7e8ea16) Importer(815301076,1909f56bfc062723c751e8b465ee728b)
Start importing Assets/Config/Fonts/OSWALD-VARIABLEFONT_WGHT 3.TTF using Guid(e1cbd2814fe265848842b264c7e8ea16) Importer(815301076,1909f56bfc062723c751e8b465ee728b)  -> (artifact id: 'db38546e8a0da1d9132d0dc5bb6a7308') in 0.050229 seconds 
  Import took 0.060020 seconds .

========================================================================
Received Import Request.
  Time since last request: 0.000355 seconds.
  path: Packages/com.unity.searcher/Editor/Resources/FlatSkin/Font/Roboto-Medium.ttf
  artifactKey: Guid(a51a3aebb43ac044989270407476b208) Importer(815301076,1909f56bfc062723c751e8b465ee728b)
Start importing Packages/com.unity.searcher/Editor/Resources/FlatSkin/Font/Roboto-Medium.ttf using Guid(a51a3aebb43ac044989270407476b208) Importer(815301076,1909f56bfc062723c751e8b465ee728b)  -> (artifact id: '997588581ba64de25e889bc7f452f7c9') in 0.049902 seconds 
  Import took 0.060212 seconds .

========================================================================
Received Import Request.
  Time since last request: 0.000400 seconds.
  path: Assets/Config/Fonts/OSWALD-VARIABLEFONT_WGHT 1.TTF
  artifactKey: Guid(492ab2936ef3f0145817bea374e86248) Importer(815301076,1909f56bfc062723c751e8b465ee728b)
Start importing Assets/Config/Fonts/OSWALD-VARIABLEFONT_WGHT 1.TTF using Guid(492ab2936ef3f0145817bea374e86248) Importer(815301076,1909f56bfc062723c751e8b465ee728b)  -> (artifact id: 'c20b3d86b914955da8d9a375a80e874d') in 0.051470 seconds 
  Import took 0.061366 seconds .

========================================================================
Received Import Request.
  Time since last request: 0.000383 seconds.
  path: Assets/Config/Fonts/OSWALD-VARIABLEFONT_WGHT 4.TTF
  artifactKey: Guid(652c58fe1cdecd647b70f7876c23978e) Importer(815301076,1909f56bfc062723c751e8b465ee728b)
Start importing Assets/Config/Fonts/OSWALD-VARIABLEFONT_WGHT 4.TTF using Guid(652c58fe1cdecd647b70f7876c23978e) Importer(815301076,1909f56bfc062723c751e8b465ee728b)  -> (artifact id: '4122c409c02f15e0ce1ca29fa3a7ed1b') in 0.049252 seconds 
  Import took 0.059387 seconds .

========================================================================
Received Import Request.
  Time since last request: 0.000425 seconds.
  path: Packages/com.unity.searcher/Editor/Resources/FlatSkin/Font/Roboto-BoldItalic.ttf
  artifactKey: Guid(dfb97a9307a577a41bcacba34b9a7e32) Importer(815301076,1909f56bfc062723c751e8b465ee728b)
Start importing Packages/com.unity.searcher/Editor/Resources/FlatSkin/Font/Roboto-BoldItalic.ttf using Guid(dfb97a9307a577a41bcacba34b9a7e32) Importer(815301076,1909f56bfc062723c751e8b465ee728b)  -> (artifact id: '871bf8495d31f82f4a3bda18384eca2f') in 0.049182 seconds 
  Import took 0.057702 seconds .

========================================================================
Received Import Request.
  Time since last request: 0.000422 seconds.
  path: Packages/com.unity.searcher/Editor/Resources/FlatSkin/Font/Roboto-Light.ttf
  artifactKey: Guid(2a29e27936eb547458f646f71125b264) Importer(815301076,1909f56bfc062723c751e8b465ee728b)
Start importing Packages/com.unity.searcher/Editor/Resources/FlatSkin/Font/Roboto-Light.ttf using Guid(2a29e27936eb547458f646f71125b264) Importer(815301076,1909f56bfc062723c751e8b465ee728b)  -> (artifact id: '6d0f0c34afd07f293ba541dd89e62a6e') in 0.049959 seconds 
  Import took 0.062144 seconds .

========================================================================
Received Import Request.
  Time since last request: 0.000446 seconds.
  path: Packages/com.unity.searcher/Editor/Resources/FlatSkin/Font/Roboto-LightItalic.ttf
  artifactKey: Guid(5e63515167650a541b309ba3bfd4db3d) Importer(815301076,1909f56bfc062723c751e8b465ee728b)
Start importing Packages/com.unity.searcher/Editor/Resources/FlatSkin/Font/Roboto-LightItalic.ttf using Guid(5e63515167650a541b309ba3bfd4db3d) Importer(815301076,1909f56bfc062723c751e8b465ee728b)  -> (artifact id: '2c877c36ceb1db1ea071c5780f978c9f') in 0.063821 seconds 
  Import took 0.079452 seconds .

========================================================================
Received Import Request.
  Time since last request: 2.754820 seconds.
  path: Assets/ThirdParty/TextMesh Pro/Fonts/LiberationSans.ttf
  artifactKey: Guid(e3265ab4bf004d28a9537516768c1c75) Importer(815301076,1909f56bfc062723c751e8b465ee728b)
Start importing Assets/ThirdParty/TextMesh Pro/Fonts/LiberationSans.ttf using Guid(e3265ab4bf004d28a9537516768c1c75) Importer(815301076,1909f56bfc062723c751e8b465ee728b)  -> (artifact id: 'e77aea9f637942e738ea701633303bcd') in 0.050348 seconds 
  Import took 0.059814 seconds .

========================================================================
Received Import Request.
  Time since last request: 0.000548 seconds.
  path: Packages/com.unity.render-pipelines.universal/Editor/2D/Resources/SceneViewIcons/FreeformLight.png
  artifactKey: Guid(c89564426827c76479d8772adb43e6e4) Importer(815301076,1909f56bfc062723c751e8b465ee728b)
Start importing Packages/com.unity.render-pipelines.universal/Editor/2D/Resources/SceneViewIcons/FreeformLight.png using Guid(c89564426827c76479d8772adb43e6e4) Importer(815301076,1909f56bfc062723c751e8b465ee728b)  -> (artifact id: '2b64b0723eb8df25966a71bf2f67b622') in 0.040156 seconds 
  Import took 0.051181 seconds .

========================================================================
Received Import Request.
  Time since last request: 0.000624 seconds.
  path: Packages/com.unity.render-pipelines.universal/Editor/2D/Resources/InspectorIcons/FreeformLight.png
  artifactKey: Guid(68e5bb6e60bebc046b26d3c3100a523b) Importer(815301076,1909f56bfc062723c751e8b465ee728b)
Start importing Packages/com.unity.render-pipelines.universal/Editor/2D/Resources/InspectorIcons/FreeformLight.png using Guid(68e5bb6e60bebc046b26d3c3100a523b) Importer(815301076,1909f56bfc062723c751e8b465ee728b)  -> (artifact id: 'fcc1c461527c6112d7a4c5e127f826f6') in 0.033960 seconds 
  Import took 0.043268 seconds .

========================================================================
Received Import Request.
  Time since last request: 0.000428 seconds.
  path: Packages/com.unity.probuilder/Content/Icons/Toolbar/Background/Geo_Hover_Horizontal.png
  artifactKey: Guid(58277d87f7d8f46c4be7586d538c95c0) Importer(815301076,1909f56bfc062723c751e8b465ee728b)
Start importing Packages/com.unity.probuilder/Content/Icons/Toolbar/Background/Geo_Hover_Horizontal.png using Guid(58277d87f7d8f46c4be7586d538c95c0) Importer(815301076,1909f56bfc062723c751e8b465ee728b)  -> (artifact id: '6d2bb3fb0899ef0ab8096ad700de136a') in 0.038711 seconds 
  Import took 0.048044 seconds .

========================================================================
Received Import Request.
  Time since last request: 0.000380 seconds.
  path: Assets/ThirdParty/Fonts/Neon 3.ttf
  artifactKey: Guid(c2f9665218b23f140a2bb0808a16ed49) Importer(815301076,1909f56bfc062723c751e8b465ee728b)
Start importing Assets/ThirdParty/Fonts/Neon 3.ttf using Guid(c2f9665218b23f140a2bb0808a16ed49) Importer(815301076,1909f56bfc062723c751e8b465ee728b)  -> (artifact id: 'fdcedfe924f9cd8a5e7d2755462ffec9') in 0.048500 seconds 
  Import took 0.059672 seconds .

========================================================================
Received Import Request.
  Time since last request: 0.083264 seconds.
  path: Packages/com.unity.probuilder/Content/Icons/Toolbar/Background/Geo_Hover_Horizontal_Light.png
  artifactKey: Guid(a73ccfe9b9ac24d3f8e0062d61999bc2) Importer(815301076,1909f56bfc062723c751e8b465ee728b)
Start importing Packages/com.unity.probuilder/Content/Icons/Toolbar/Background/Geo_Hover_Horizontal_Light.png using Guid(a73ccfe9b9ac24d3f8e0062d61999bc2) Importer(815301076,1909f56bfc062723c751e8b465ee728b)  -> (artifact id: '0db05cb9513b158dc807ef8d1c57f5c2') in 0.042272 seconds 
  Import took 0.051182 seconds .

========================================================================
Received Import Request.
  Time since last request: 0.000440 seconds.
  path: Packages/com.unity.probuilder/Content/Icons/Toolbar/Background/Geo_Hover_Vertical.png
  artifactKey: Guid(c7981a40a407c43c2a395acff035ec71) Importer(815301076,1909f56bfc062723c751e8b465ee728b)
Start importing Packages/com.unity.probuilder/Content/Icons/Toolbar/Background/Geo_Hover_Vertical.png using Guid(c7981a40a407c43c2a395acff035ec71) Importer(815301076,1909f56bfc062723c751e8b465ee728b)  -> (artifact id: '9150f98c14b12bab148b880ec8a01ee1') in 0.039870 seconds 
  Import took 0.050886 seconds .

========================================================================
Received Import Request.
  Time since last request: 0.000450 seconds.
  path: Packages/com.unity.probuilder/Content/Icons/Toolbar/Background/Geo_Hover_Vertical_Light.png
  artifactKey: Guid(486fdf705975a43dc84a4e8831d458b0) Importer(815301076,1909f56bfc062723c751e8b465ee728b)
Start importing Packages/com.unity.probuilder/Content/Icons/Toolbar/Background/Geo_Hover_Vertical_Light.png using Guid(486fdf705975a43dc84a4e8831d458b0) Importer(815301076,1909f56bfc062723c751e8b465ee728b)  -> (artifact id: '79028da3e000649b6bb9d83ef391501f') in 0.037949 seconds 
  Import took 0.050196 seconds .

========================================================================
Received Import Request.
  Time since last request: 0.405262 seconds.
  path: Packages/com.unity.probuilder/Content/Icons/Toolbar/Background/Geo_Normal_Horizontal.png
  artifactKey: Guid(632d7c73bc4e14782b46b7ee28b5d383) Importer(815301076,1909f56bfc062723c751e8b465ee728b)
Start importing Packages/com.unity.probuilder/Content/Icons/Toolbar/Background/Geo_Normal_Horizontal.png using Guid(632d7c73bc4e14782b46b7ee28b5d383) Importer(815301076,1909f56bfc062723c751e8b465ee728b)  -> (artifact id: '4ff221ea4f50f7d28cedb1c2d3d75fda') in 0.035833 seconds 
  Import took 0.046422 seconds .

========================================================================
Received Import Request.
  Time since last request: 0.000496 seconds.
  path: Packages/com.unity.probuilder/Content/Icons/Toolbar/Background/Geo_Pressed_Horizontal.png
  artifactKey: Guid(6cfa1f4fa4f524777b44a27293390e0e) Importer(815301076,1909f56bfc062723c751e8b465ee728b)
Start importing Packages/com.unity.probuilder/Content/Icons/Toolbar/Background/Geo_Pressed_Horizontal.png using Guid(6cfa1f4fa4f524777b44a27293390e0e) Importer(815301076,1909f56bfc062723c751e8b465ee728b)  -> (artifact id: '4ed6ce708ea04d8d75d345e95c3a7ef9') in 0.041519 seconds 
  Import took 0.051878 seconds .

========================================================================
Received Import Request.
  Time since last request: 0.000509 seconds.
  path: Packages/com.unity.probuilder/Content/Icons/Toolbar/Background/Geo_Normal_Horizontal_Light.png
  artifactKey: Guid(169ef9ab92bd14fed8634f430151582b) Importer(815301076,1909f56bfc062723c751e8b465ee728b)
Start importing Packages/com.unity.probuilder/Content/Icons/Toolbar/Background/Geo_Normal_Horizontal_Light.png using Guid(169ef9ab92bd14fed8634f430151582b) Importer(815301076,1909f56bfc062723c751e8b465ee728b)  -> (artifact id: 'd89cd38d3a5d67dda0cdfaf8388b4921') in 0.039483 seconds 
  Import took 0.049108 seconds .

========================================================================
Received Import Request.
  Time since last request: 0.000366 seconds.
  path: Packages/com.unity.probuilder/Content/Icons/Toolbar/Background/Geo_Pressed_Horizontal_Light.png
  artifactKey: Guid(c3c324c91d8784d97a9819195a93cc36) Importer(815301076,1909f56bfc062723c751e8b465ee728b)
Start importing Packages/com.unity.probuilder/Content/Icons/Toolbar/Background/Geo_Pressed_Horizontal_Light.png using Guid(c3c324c91d8784d97a9819195a93cc36) Importer(815301076,1909f56bfc062723c751e8b465ee728b)  -> (artifact id: '4a2d040b7870bd0a167bd0f4d14fce7a') in 0.039406 seconds 
  Import took 0.049727 seconds .

========================================================================
Received Import Request.
  Time since last request: 0.000425 seconds.
  path: Packages/com.unity.probuilder/Content/Icons/Toolbar/Background/Geo_Normal_Vertical_Light.png
  artifactKey: Guid(56573328bc8d246b896c2d7396c20d1b) Importer(815301076,1909f56bfc062723c751e8b465ee728b)
Start importing Packages/com.unity.probuilder/Content/Icons/Toolbar/Background/Geo_Normal_Vertical_Light.png using Guid(56573328bc8d246b896c2d7396c20d1b) Importer(815301076,1909f56bfc062723c751e8b465ee728b)  -> (artifact id: 'bfc0de841b5b2b9af949587c02f887d1') in 0.037254 seconds 
  Import took 0.047367 seconds .

========================================================================
Received Import Request.
  Time since last request: 0.000354 seconds.
  path: Packages/com.unity.probuilder/Content/Icons/Toolbar/Background/Geo_Normal_Vertical.png
  artifactKey: Guid(04fdee38d88f74afe85c35116ced973d) Importer(815301076,1909f56bfc062723c751e8b465ee728b)
Start importing Packages/com.unity.probuilder/Content/Icons/Toolbar/Background/Geo_Normal_Vertical.png using Guid(04fdee38d88f74afe85c35116ced973d) Importer(815301076,1909f56bfc062723c751e8b465ee728b)  -> (artifact id: '5ecd3da652098db7309c4263b94688eb') in 0.039404 seconds 
  Import took 0.049846 seconds .

========================================================================
Received Import Request.
  Time since last request: 20.818197 seconds.
  path: Packages/com.unity.probuilder/Content/Icons/Toolbar/Background/RoundedRect_Pressed_Blue.png
  artifactKey: Guid(e09fae9db32a94f94873c17679666d12) Importer(815301076,1909f56bfc062723c751e8b465ee728b)
Start importing Packages/com.unity.probuilder/Content/Icons/Toolbar/Background/RoundedRect_Pressed_Blue.png using Guid(e09fae9db32a94f94873c17679666d12) Importer(815301076,1909f56bfc062723c751e8b465ee728b)  -> (artifact id: 'd672d0881b08e9037271557b530595ac') in 0.045242 seconds 
  Import took 0.055847 seconds .

========================================================================
Received Import Request.
  Time since last request: 0.000461 seconds.
  path: Packages/com.unity.probuilder/Content/About/Images/ScrollBackground_Light.png
  artifactKey: Guid(ce3f23f83566d4c859587839aee9eaca) Importer(815301076,1909f56bfc062723c751e8b465ee728b)
Start importing Packages/com.unity.probuilder/Content/About/Images/ScrollBackground_Light.png using Guid(ce3f23f83566d4c859587839aee9eaca) Importer(815301076,1909f56bfc062723c751e8b465ee728b)  -> (artifact id: '5a17619fab0aa4ec6e274ba42a649563') in 0.040769 seconds 
  Import took 0.051344 seconds .

========================================================================
Received Import Request.
  Time since last request: 0.000399 seconds.
  path: Packages/com.unity.collab-proxy/Editor/Collaborate/Assets/Icons/search-light@2x.png
  artifactKey: Guid(fa5b15174efac1a499b91afa33c625fb) Importer(815301076,1909f56bfc062723c751e8b465ee728b)
Start importing Packages/com.unity.collab-proxy/Editor/Collaborate/Assets/Icons/search-light@2x.png using Guid(fa5b15174efac1a499b91afa33c625fb) Importer(815301076,1909f56bfc062723c751e8b465ee728b)  -> (artifact id: '87a45f38da3eb62b6cf7efcaf2d00771') in 0.041835 seconds 
  Import took 0.051630 seconds .

========================================================================
Received Import Request.
  Time since last request: 0.000413 seconds.
  path: Packages/com.unity.probuilder/Content/About/Images/ScrollBackground_Pro.png
  artifactKey: Guid(d667c5626e2c04b5e8f9f09c9098bc45) Importer(815301076,1909f56bfc062723c751e8b465ee728b)
Start importing Packages/com.unity.probuilder/Content/About/Images/ScrollBackground_Pro.png using Guid(d667c5626e2c04b5e8f9f09c9098bc45) Importer(815301076,1909f56bfc062723c751e8b465ee728b)  -> (artifact id: '0b0bdccdc983adf0f8b44e86bf2fc0ec') in 0.039129 seconds 
  Import took 0.048386 seconds .

========================================================================
Received Import Request.
  Time since last request: 0.000384 seconds.
  path: Packages/com.unity.collab-proxy/Editor/Collaborate/Assets/Icons/search-light.png
  artifactKey: Guid(5ce43a8ae9d640f4cb77136d601fc0d8) Importer(815301076,1909f56bfc062723c751e8b465ee728b)
Start importing Packages/com.unity.collab-proxy/Editor/Collaborate/Assets/Icons/search-light.png using Guid(5ce43a8ae9d640f4cb77136d601fc0d8) Importer(815301076,1909f56bfc062723c751e8b465ee728b)  -> (artifact id: '96730cebd16611c2a6aeafabb0417cba') in 0.039955 seconds 
  Import took 0.048660 seconds .

========================================================================
Received Import Request.
  Time since last request: 0.000376 seconds.
  path: Packages/com.unity.searcher/Editor/Resources/FlatSkin/SearchSmallDownOff@2x.png
  artifactKey: Guid(0c2aa48d028b3134dbbb5ceb57bff5ac) Importer(815301076,1909f56bfc062723c751e8b465ee728b)
Start importing Packages/com.unity.searcher/Editor/Resources/FlatSkin/SearchSmallDownOff@2x.png using Guid(0c2aa48d028b3134dbbb5ceb57bff5ac) Importer(815301076,1909f56bfc062723c751e8b465ee728b)  -> (artifact id: '51b8a163a5b4d1c45275444f40d7c38c') in 0.040205 seconds 
  Import took 0.050638 seconds .

========================================================================
Received Import Request.
  Time since last request: 0.000342 seconds.
  path: Packages/com.unity.collab-proxy/Editor/Collaborate/Assets/Icons/search-dark@2x.png
  artifactKey: Guid(09996e28fa830fb4283b19f26584c9f2) Importer(815301076,1909f56bfc062723c751e8b465ee728b)
Start importing Packages/com.unity.collab-proxy/Editor/Collaborate/Assets/Icons/search-dark@2x.png using Guid(09996e28fa830fb4283b19f26584c9f2) Importer(815301076,1909f56bfc062723c751e8b465ee728b)  -> (artifact id: '7384277642980af4efb2d867ad47d242') in 0.040202 seconds 
  Import took 0.049882 seconds .

========================================================================
Received Import Request.
  Time since last request: 0.000416 seconds.
  path: Packages/com.unity.searcher/Editor/Resources/FlatSkin/SearchSmallDownOff.png
  artifactKey: Guid(e0f8b9d001b669a43b3c9f7b90891d96) Importer(815301076,1909f56bfc062723c751e8b465ee728b)
Start importing Packages/com.unity.searcher/Editor/Resources/FlatSkin/SearchSmallDownOff.png using Guid(e0f8b9d001b669a43b3c9f7b90891d96) Importer(815301076,1909f56bfc062723c751e8b465ee728b)  -> (artifact id: '80f7b366fe65bc09a800c01f8528ebf1') in 0.037993 seconds 
  Import took 0.048356 seconds .

========================================================================
Received Import Request.
  Time since last request: 0.000339 seconds.
  path: Packages/com.unity.collab-proxy/Editor/Collaborate/Assets/Icons/search-dark.png
  artifactKey: Guid(3b44c1da064d3bf46be68efbc875596e) Importer(815301076,1909f56bfc062723c751e8b465ee728b)
Start importing Packages/com.unity.collab-proxy/Editor/Collaborate/Assets/Icons/search-dark.png using Guid(3b44c1da064d3bf46be68efbc875596e) Importer(815301076,1909f56bfc062723c751e8b465ee728b)  -> (artifact id: '592e56c7c8aa8fa807545eceaea783b5') in 0.038533 seconds 
  Import took 0.048581 seconds .

========================================================================
Received Import Request.
  Time since last request: 0.000370 seconds.
  path: Packages/com.unity.probuilder/Content/Icons/Toolbar/Background/RoundedRect_Pressed_Light.png
  artifactKey: Guid(d5e8f578cfa024bba911597e0430d021) Importer(815301076,1909f56bfc062723c751e8b465ee728b)
Start importing Packages/com.unity.probuilder/Content/Icons/Toolbar/Background/RoundedRect_Pressed_Light.png using Guid(d5e8f578cfa024bba911597e0430d021) Importer(815301076,1909f56bfc062723c751e8b465ee728b)  -> (artifact id: '168cfc9b965363e1c39716b3cf7f554f') in 0.036358 seconds 
  Import took 0.047049 seconds .

========================================================================
Received Import Request.
  Time since last request: 0.000376 seconds.
  path: Packages/com.unity.probuilder/Content/Icons/Toolbar/Background/RoundedRect_Pressed_Orange.png
  artifactKey: Guid(fc84a8874176645af9ce9b7f2182b3d8) Importer(815301076,1909f56bfc062723c751e8b465ee728b)
Start importing Packages/com.unity.probuilder/Content/Icons/Toolbar/Background/RoundedRect_Pressed_Orange.png using Guid(fc84a8874176645af9ce9b7f2182b3d8) Importer(815301076,1909f56bfc062723c751e8b465ee728b)  -> (artifact id: '41ecb8190ec27354b6cd4b15cedfd6b0') in 0.039092 seconds 
  Import took 0.049219 seconds .

========================================================================
Received Import Request.
  Time since last request: 0.000379 seconds.
  path: Packages/com.unity.probuilder/Content/Icons/Toolbar/Background/RoundedRect_Pressed_BlueSteel.png
  artifactKey: Guid(681e960584a3e4b2ebbb9913f2f70263) Importer(815301076,1909f56bfc062723c751e8b465ee728b)
Start importing Packages/com.unity.probuilder/Content/Icons/Toolbar/Background/RoundedRect_Pressed_BlueSteel.png using Guid(681e960584a3e4b2ebbb9913f2f70263) Importer(815301076,1909f56bfc062723c751e8b465ee728b)  -> (artifact id: '91cf2d86debec5472d0ef04e3810c3a1') in 0.038269 seconds 
  Import took 0.047618 seconds .

========================================================================
Received Import Request.
  Time since last request: 1.846510 seconds.
  path: Packages/com.unity.render-pipelines.core/Editor/LookDev/Icons/Rotation.png
  artifactKey: Guid(2ee66e81975377745aaa59fe11ad374d) Importer(815301076,1909f56bfc062723c751e8b465ee728b)
Start importing Packages/com.unity.render-pipelines.core/Editor/LookDev/Icons/Rotation.png using Guid(2ee66e81975377745aaa59fe11ad374d) Importer(815301076,1909f56bfc062723c751e8b465ee728b)  -> (artifact id: '374ac3277385ac05d19c728bb6627ca0') in 0.044171 seconds 
  Import took 0.053157 seconds .

========================================================================
Received Import Request.
  Time since last request: 0.000512 seconds.
  path: Packages/com.unity.probuilder/Content/Icons/Toolbar/Background/RoundedRect_Hover_Blue.png
  artifactKey: Guid(b1125a794934140a0920919da7685416) Importer(815301076,1909f56bfc062723c751e8b465ee728b)
Start importing Packages/com.unity.probuilder/Content/Icons/Toolbar/Background/RoundedRect_Hover_Blue.png using Guid(b1125a794934140a0920919da7685416) Importer(815301076,1909f56bfc062723c751e8b465ee728b)  -> (artifact id: 'ceafb5c0737b3af1485ee2d28726f911') in 0.043310 seconds 
  Import took 0.052675 seconds .

========================================================================
Received Import Request.
  Time since last request: 0.000530 seconds.
  path: Packages/com.unity.probuilder/Content/Icons/Toolbar/Background/RoundedRect_Normal_Blue.png
  artifactKey: Guid(761c6090fc3a4463c8313e83a32f2165) Importer(815301076,1909f56bfc062723c751e8b465ee728b)
Start importing Packages/com.unity.probuilder/Content/Icons/Toolbar/Background/RoundedRect_Normal_Blue.png using Guid(761c6090fc3a4463c8313e83a32f2165) Importer(815301076,1909f56bfc062723c751e8b465ee728b)  -> (artifact id: '20a3accb2a020f13cd57669b12efa97a') in 0.038835 seconds 
  Import took 0.049336 seconds .

========================================================================
Received Import Request.
  Time since last request: 0.000472 seconds.
  path: Packages/com.unity.probuilder/Content/Icons/Toolbar/Background/RoundedRect_Hover_Light.png
  artifactKey: Guid(42279466e4f354e708eb1084c665053e) Importer(815301076,1909f56bfc062723c751e8b465ee728b)
Start importing Packages/com.unity.probuilder/Content/Icons/Toolbar/Background/RoundedRect_Hover_Light.png using Guid(42279466e4f354e708eb1084c665053e) Importer(815301076,1909f56bfc062723c751e8b465ee728b)  -> (artifact id: '96b232ed75a0ffeee88b268a4b203d84') in 0.041183 seconds 
  Import took 0.052036 seconds .

========================================================================
Received Import Request.
  Time since last request: 0.000413 seconds.
  path: Packages/com.unity.probuilder/Content/Icons/Toolbar/Background/RoundedRect_Normal_Light.png
  artifactKey: Guid(e45411041724a454393a0cfe3f45c0dd) Importer(815301076,1909f56bfc062723c751e8b465ee728b)
Start importing Packages/com.unity.probuilder/Content/Icons/Toolbar/Background/RoundedRect_Normal_Light.png using Guid(e45411041724a454393a0cfe3f45c0dd) Importer(815301076,1909f56bfc062723c751e8b465ee728b)  -> (artifact id: '98ff931baa275839467491564e987644') in 0.041544 seconds 
  Import took 0.050575 seconds .

========================================================================
Received Import Request.
  Time since last request: 0.000390 seconds.
  path: Packages/com.unity.render-pipelines.core/Editor/LookDev/Icons/Rotation@2x.png
  artifactKey: Guid(e9af78578671a3345b8cbf82f1f030b5) Importer(815301076,1909f56bfc062723c751e8b465ee728b)
Start importing Packages/com.unity.render-pipelines.core/Editor/LookDev/Icons/Rotation@2x.png using Guid(e9af78578671a3345b8cbf82f1f030b5) Importer(815301076,1909f56bfc062723c751e8b465ee728b)  -> (artifact id: 'a297171dd63b7ad3fd135d7349376190') in 0.051791 seconds 
  Import took 0.061988 seconds .

========================================================================
Received Import Request.
  Time since last request: 0.000399 seconds.
  path: Packages/com.unity.probuilder/Content/Icons/Toolbar/Background/RoundedRect_Hover_Orange.png
  artifactKey: Guid(9e22d5e03bda1442b999e173b4ae1b53) Importer(815301076,1909f56bfc062723c751e8b465ee728b)
Start importing Packages/com.unity.probuilder/Content/Icons/Toolbar/Background/RoundedRect_Hover_Orange.png using Guid(9e22d5e03bda1442b999e173b4ae1b53) Importer(815301076,1909f56bfc062723c751e8b465ee728b)  -> (artifact id: 'f1104d5f3425a3181b701dabecf1b5d7') in 0.041401 seconds 
  Import took 0.051035 seconds .

========================================================================
Received Import Request.
  Time since last request: 0.000421 seconds.
  path: Packages/com.unity.probuilder/Content/Icons/Toolbar/Background/RoundedRect_Normal_BlueSteel.png
  artifactKey: Guid(b48bdede2d1f84662b3e62e0897572e2) Importer(815301076,1909f56bfc062723c751e8b465ee728b)
Start importing Packages/com.unity.probuilder/Content/Icons/Toolbar/Background/RoundedRect_Normal_BlueSteel.png using Guid(b48bdede2d1f84662b3e62e0897572e2) Importer(815301076,1909f56bfc062723c751e8b465ee728b)  -> (artifact id: 'c81c099e9ccbafa4f36f301d8f04285b') in 0.040946 seconds 
  Import took 0.049922 seconds .

========================================================================
Received Import Request.
  Time since last request: 0.000415 seconds.
  path: Packages/com.unity.probuilder/Content/Icons/Toolbar/Background/RoundedRect_Normal_Orange.png
  artifactKey: Guid(c1fff777063ac4cfda0ceb4a6fb818a2) Importer(815301076,1909f56bfc062723c751e8b465ee728b)
Start importing Packages/com.unity.probuilder/Content/Icons/Toolbar/Background/RoundedRect_Normal_Orange.png using Guid(c1fff777063ac4cfda0ceb4a6fb818a2) Importer(815301076,1909f56bfc062723c751e8b465ee728b)  -> (artifact id: '197ab5367508d8b7319bd31cbd363b57') in 0.038972 seconds 
  Import took 0.048587 seconds .

========================================================================
Received Import Request.
  Time since last request: 0.000431 seconds.
  path: Packages/com.unity.probuilder/Content/Icons/Toolbar/RoundedBorder.png
  artifactKey: Guid(ac9e13c8802f74529be37e5cf1150360) Importer(815301076,1909f56bfc062723c751e8b465ee728b)
Start importing Packages/com.unity.probuilder/Content/Icons/Toolbar/RoundedBorder.png using Guid(ac9e13c8802f74529be37e5cf1150360) Importer(815301076,1909f56bfc062723c751e8b465ee728b)  -> (artifact id: '70ffa9789908b29130fb71ec51d96618') in 0.039526 seconds 
  Import took 0.049559 seconds .

========================================================================
Received Import Request.
  Time since last request: 0.000620 seconds.
  path: Packages/com.unity.probuilder/Content/Icons/Toolbar/Background/RoundedRect_Normal.png
  artifactKey: Guid(b70a2a56c35a0439b9418e0aae585957) Importer(815301076,1909f56bfc062723c751e8b465ee728b)
Start importing Packages/com.unity.probuilder/Content/Icons/Toolbar/Background/RoundedRect_Normal.png using Guid(b70a2a56c35a0439b9418e0aae585957) Importer(815301076,1909f56bfc062723c751e8b465ee728b)  -> (artifact id: '1ad0f72cb39a313bf78d21c5336eb96c') in 0.039546 seconds 
  Import took 0.049112 seconds .

========================================================================
Received Import Request.
  Time since last request: 0.000433 seconds.
  path: Packages/com.unity.probuilder/Content/Icons/Toolbar/Background/RoundedRect_Hover_BlueSteel.png
  artifactKey: Guid(a04610ef640d34da59cd697db80486b4) Importer(815301076,1909f56bfc062723c751e8b465ee728b)
Start importing Packages/com.unity.probuilder/Content/Icons/Toolbar/Background/RoundedRect_Hover_BlueSteel.png using Guid(a04610ef640d34da59cd697db80486b4) Importer(815301076,1909f56bfc062723c751e8b465ee728b)  -> (artifact id: 'e3d37407a0ba9d6609567d9c38bcd5e3') in 0.040617 seconds 
  Import took 0.051270 seconds .

========================================================================
Received Import Request.
  Time since last request: 0.000468 seconds.
  path: Packages/com.unity.probuilder/Content/Icons/Toolbar/Background/RoundedRect_Hover.png
  artifactKey: Guid(c3040b50943004b5e892af2bfde68cb4) Importer(815301076,1909f56bfc062723c751e8b465ee728b)
Start importing Packages/com.unity.probuilder/Content/Icons/Toolbar/Background/RoundedRect_Hover.png using Guid(c3040b50943004b5e892af2bfde68cb4) Importer(815301076,1909f56bfc062723c751e8b465ee728b)  -> (artifact id: 'bbd17f4544768e82f6360d8a26bcc1e3') in 0.042343 seconds 
  Import took 0.050891 seconds .

========================================================================
Received Import Request.
  Time since last request: 15.126257 seconds.
  path: Packages/com.unity.searcher/Editor/Resources/FlatSkin/SearchSmallDownOn.png
  artifactKey: Guid(f353e9d22eb9164499dd70cb41b00244) Importer(815301076,1909f56bfc062723c751e8b465ee728b)
Start importing Packages/com.unity.searcher/Editor/Resources/FlatSkin/SearchSmallDownOn.png using Guid(f353e9d22eb9164499dd70cb41b00244) Importer(815301076,1909f56bfc062723c751e8b465ee728b)  -> (artifact id: 'a87ae584d69e8ef644f6d624f4e4a741') in 0.040163 seconds 
  Import took 0.049143 seconds .

========================================================================
Received Import Request.
  Time since last request: 0.000469 seconds.
  path: Packages/com.unity.textmeshpro/Editor Resources/Textures/SectionHeader_Light.psd
  artifactKey: Guid(e3b0f810fdea84e40ab4ba20f256f7e8) Importer(815301076,1909f56bfc062723c751e8b465ee728b)
Start importing Packages/com.unity.textmeshpro/Editor Resources/Textures/SectionHeader_Light.psd using Guid(e3b0f810fdea84e40ab4ba20f256f7e8) Importer(815301076,1909f56bfc062723c751e8b465ee728b)  -> (artifact id: '6d3296ff293134c03633d171391bb266') in 0.041218 seconds 
  Import took 0.050583 seconds .

========================================================================
Received Import Request.
  Time since last request: 0.000480 seconds.
  path: Packages/com.unity.searcher/Editor/Resources/FlatSkin/SearchSmallDownOn@2x.png
  artifactKey: Guid(c5b36095078d8694ba9e3ae3fd867b2e) Importer(815301076,1909f56bfc062723c751e8b465ee728b)
Start importing Packages/com.unity.searcher/Editor/Resources/FlatSkin/SearchSmallDownOn@2x.png using Guid(c5b36095078d8694ba9e3ae3fd867b2e) Importer(815301076,1909f56bfc062723c751e8b465ee728b)  -> (artifact id: 'a18086b13eba192671b50b324fbb01a6') in 0.042383 seconds 
  Import took 0.051771 seconds .

========================================================================
Received Import Request.
  Time since last request: 0.000440 seconds.
  path: Packages/com.unity.textmeshpro/Editor Resources/Textures/SectionHeader_Dark.psd
  artifactKey: Guid(fb5730e24283d0c489e5c7d0bee023d9) Importer(815301076,1909f56bfc062723c751e8b465ee728b)
Start importing Packages/com.unity.textmeshpro/Editor Resources/Textures/SectionHeader_Dark.psd using Guid(fb5730e24283d0c489e5c7d0bee023d9) Importer(815301076,1909f56bfc062723c751e8b465ee728b)  -> (artifact id: '018893ee5b952cbd4eb6a94b4014e771') in 0.041955 seconds 
  Import took 0.050869 seconds .

========================================================================
Received Import Request.
  Time since last request: 0.000390 seconds.
  path: Packages/com.unity.probuilder/Content/Icons/Toolbar/Selection_Grow_disabled.png
  artifactKey: Guid(e15de6045960a4d53b088c0addcc390d) Importer(815301076,1909f56bfc062723c751e8b465ee728b)
Start importing Packages/com.unity.probuilder/Content/Icons/Toolbar/Selection_Grow_disabled.png using Guid(e15de6045960a4d53b088c0addcc390d) Importer(815301076,1909f56bfc062723c751e8b465ee728b)  -> (artifact id: 'dee29862d27fdebdf0c1a6f6a7d78381') in 0.040052 seconds 
  Import took 0.049175 seconds .

========================================================================
Received Import Request.
  Time since last request: 0.000475 seconds.
  path: Packages/com.unity.probuilder/Content/Icons/Toolbar/Selection_Grow.png
  artifactKey: Guid(92b965cb36c2241ff85afe194b701652) Importer(815301076,1909f56bfc062723c751e8b465ee728b)
Start importing Packages/com.unity.probuilder/Content/Icons/Toolbar/Selection_Grow.png using Guid(92b965cb36c2241ff85afe194b701652) Importer(815301076,1909f56bfc062723c751e8b465ee728b)  -> (artifact id: '0fe547f7f495b57491202131f353fef3') in 0.039839 seconds 
  Import took 0.049994 seconds .

========================================================================
Received Import Request.
  Time since last request: 0.000383 seconds.
  path: Packages/com.unity.probuilder/Content/Icons/Toolbar/Background/Selection_Hover_Horizontal.png
  artifactKey: Guid(7bf1fb783cc2f45a1aa52e6afae94ec7) Importer(815301076,1909f56bfc062723c751e8b465ee728b)
Start importing Packages/com.unity.probuilder/Content/Icons/Toolbar/Background/Selection_Hover_Horizontal.png using Guid(7bf1fb783cc2f45a1aa52e6afae94ec7) Importer(815301076,1909f56bfc062723c751e8b465ee728b)  -> (artifact id: 'b21b806a3b9f1b061b7821f37a666031') in 0.039959 seconds 
  Import took 0.049643 seconds .

========================================================================
Received Import Request.
  Time since last request: 0.000411 seconds.
  path: Packages/com.unity.probuilder/Content/Icons/Toolbar/Background/Selection_Hover_Vertical_Light.png
  artifactKey: Guid(2293da32f79384b619a13776098feba2) Importer(815301076,1909f56bfc062723c751e8b465ee728b)
Start importing Packages/com.unity.probuilder/Content/Icons/Toolbar/Background/Selection_Hover_Vertical_Light.png using Guid(2293da32f79384b619a13776098feba2) Importer(815301076,1909f56bfc062723c751e8b465ee728b)  -> (artifact id: '4bbed67fb812ae8527fed8b7ce3b5c09') in 0.040715 seconds 
  Import took 0.050437 seconds .

========================================================================
Received Import Request.
  Time since last request: 0.000401 seconds.
  path: Packages/com.unity.probuilder/Content/Icons/Toolbar/Selection_Invert.png
  artifactKey: Guid(1e81779d9a73a4572971700ad1ce0fe3) Importer(815301076,1909f56bfc062723c751e8b465ee728b)
Start importing Packages/com.unity.probuilder/Content/Icons/Toolbar/Selection_Invert.png using Guid(1e81779d9a73a4572971700ad1ce0fe3) Importer(815301076,1909f56bfc062723c751e8b465ee728b)  -> (artifact id: '3566f2d22bc13aa3f87130e0136a6878') in 0.039563 seconds 
  Import took 0.049754 seconds .

========================================================================
Received Import Request.
  Time since last request: 0.000368 seconds.
  path: Packages/com.unity.probuilder/Content/Icons/Toolbar/Selection_Loop.png
  artifactKey: Guid(1a10d9380e55746d29fc49763b2869d7) Importer(815301076,1909f56bfc062723c751e8b465ee728b)
Start importing Packages/com.unity.probuilder/Content/Icons/Toolbar/Selection_Loop.png using Guid(1a10d9380e55746d29fc49763b2869d7) Importer(815301076,1909f56bfc062723c751e8b465ee728b)  -> (artifact id: '819ae896b88f5024cbc5ff527652c75c') in 0.036422 seconds 
  Import took 0.046098 seconds .

========================================================================
Received Import Request.
  Time since last request: 0.000335 seconds.
  path: Packages/com.unity.probuilder/Content/Icons/Toolbar/Background/Selection_Hover_Horizontal_Light.png
  artifactKey: Guid(d942e0e1a3d9b431798ec4d1298b63ad) Importer(815301076,1909f56bfc062723c751e8b465ee728b)
Start importing Packages/com.unity.probuilder/Content/Icons/Toolbar/Background/Selection_Hover_Horizontal_Light.png using Guid(d942e0e1a3d9b431798ec4d1298b63ad) Importer(815301076,1909f56bfc062723c751e8b465ee728b)  -> (artifact id: '02a959d593130820ee8b11b80188ec7f') in 0.040360 seconds 
  Import took 0.049522 seconds .

========================================================================
Received Import Request.
  Time since last request: 0.000347 seconds.
  path: Packages/com.unity.postprocessing/PostProcessing/Textures/SMAA/SearchTex.tga
  artifactKey: Guid(d99701099481a2f489610e977df6dcbc) Importer(815301076,1909f56bfc062723c751e8b465ee728b)
Start importing Packages/com.unity.postprocessing/PostProcessing/Textures/SMAA/SearchTex.tga using Guid(d99701099481a2f489610e977df6dcbc) Importer(815301076,1909f56bfc062723c751e8b465ee728b)  -> (artifact id: '5888802e4236b723bad5a791be731684') in 0.042268 seconds 
  Import took 0.051973 seconds .

========================================================================
Received Import Request.
  Time since last request: 0.000335 seconds.
  path: Packages/com.unity.probuilder/Content/Icons/Toolbar/Background/Selection_Hover_Vertical.png
  artifactKey: Guid(2e2b8d6789278460a963feb61377b9e0) Importer(815301076,1909f56bfc062723c751e8b465ee728b)
Start importing Packages/com.unity.probuilder/Content/Icons/Toolbar/Background/Selection_Hover_Vertical.png using Guid(2e2b8d6789278460a963feb61377b9e0) Importer(815301076,1909f56bfc062723c751e8b465ee728b)  -> (artifact id: 'ea9df16c465a0ee61988183c21b5e0d3') in 0.040015 seconds 
  Import took 0.048968 seconds .

========================================================================
Received Import Request.
  Time since last request: 0.000380 seconds.
  path: Packages/com.unity.render-pipelines.universal/Textures/SMAA/SearchTex.tga
  artifactKey: Guid(51eee22c2a633ef4aada830eed57c3fd) Importer(815301076,1909f56bfc062723c751e8b465ee728b)
Start importing Packages/com.unity.render-pipelines.universal/Textures/SMAA/SearchTex.tga using Guid(51eee22c2a633ef4aada830eed57c3fd) Importer(815301076,1909f56bfc062723c751e8b465ee728b)  -> (artifact id: 'a3236e33f0e0a53ea65fafd6d48407bc') in 0.026426 seconds 
  Import took 0.034832 seconds .

========================================================================
Received Import Request.
  Time since last request: 0.000365 seconds.
  path: Packages/com.unity.probuilder/Content/Icons/Toolbar/Selection_Invert_disabled.png
  artifactKey: Guid(0fe35217875224a76b74cc8207629d22) Importer(815301076,1909f56bfc062723c751e8b465ee728b)
Start importing Packages/com.unity.probuilder/Content/Icons/Toolbar/Selection_Invert_disabled.png using Guid(0fe35217875224a76b74cc8207629d22) Importer(815301076,1909f56bfc062723c751e8b465ee728b)  -> (artifact id: '7b0c3a7374bcf20301a3c64cd74fcbfa') in 0.043459 seconds 
  Import took 0.052654 seconds .

========================================================================
Received Import Request.
  Time since last request: 1.058462 seconds.
  path: Packages/com.unity.probuilder/Content/Icons/Toolbar/Pivot_CenterOnObject.png
  artifactKey: Guid(7c1124a3b675b412e9b6f303869a1f61) Importer(815301076,1909f56bfc062723c751e8b465ee728b)
Start importing Packages/com.unity.probuilder/Content/Icons/Toolbar/Pivot_CenterOnObject.png using Guid(7c1124a3b675b412e9b6f303869a1f61) Importer(815301076,1909f56bfc062723c751e8b465ee728b)  -> (artifact id: '37dc95c56fce7ae9f925d7c185b658a4') in 0.043549 seconds 
  Import took 0.052485 seconds .

========================================================================
Received Import Request.
  Time since last request: 0.000482 seconds.
  path: Packages/com.unity.render-pipelines.universal/Textures/BlueNoise16/L/LDR_LLL1_27.png
  artifactKey: Guid(c989e1ed85cf7154caa922fec53e6af6) Importer(815301076,1909f56bfc062723c751e8b465ee728b)
Start importing Packages/com.unity.render-pipelines.universal/Textures/BlueNoise16/L/LDR_LLL1_27.png using Guid(c989e1ed85cf7154caa922fec53e6af6) Importer(815301076,1909f56bfc062723c751e8b465ee728b)  -> (artifact id: 'c01ff35e3eeda67c2ecdb633e9bf795c') in 0.027296 seconds 
  Import took 0.036540 seconds .

========================================================================
Received Import Request.
  Time since last request: 0.000493 seconds.
  path: Packages/com.unity.probuilder/Content/Icons/Toolbar/Pivot_CenterOnObject_disabled.png
  artifactKey: Guid(681feae1fa1564753add1c7f0d1f8201) Importer(815301076,1909f56bfc062723c751e8b465ee728b)
Start importing Packages/com.unity.probuilder/Content/Icons/Toolbar/Pivot_CenterOnObject_disabled.png using Guid(681feae1fa1564753add1c7f0d1f8201) Importer(815301076,1909f56bfc062723c751e8b465ee728b)  -> (artifact id: 'e08b6ced112fbcec5af62b978839c6a2') in 0.040458 seconds 
  Import took 0.053075 seconds .

========================================================================
Received Import Request.
  Time since last request: 0.000550 seconds.
  path: Packages/com.unity.probuilder/Content/Icons/Modes/Mode_Face.png
  artifactKey: Guid(00ac05966499340f98f0133550793d13) Importer(815301076,1909f56bfc062723c751e8b465ee728b)
Start importing Packages/com.unity.probuilder/Content/Icons/Modes/Mode_Face.png using Guid(00ac05966499340f98f0133550793d13) Importer(815301076,1909f56bfc062723c751e8b465ee728b)  -> (artifact id: '6c8e3c3f8a8d05eeea9739d1d77721e8') in 0.040715 seconds 
  Import took 0.050936 seconds .

========================================================================
Received Import Request.
  Time since last request: 0.000436 seconds.
  path: Packages/com.unity.postprocessing/PostProcessing/Textures/BlueNoise64px/LDR_LLL1_23.png
  artifactKey: Guid(bfe953600e8fb1849a804ee08ace7b4c) Importer(815301076,1909f56bfc062723c751e8b465ee728b)
Start importing Packages/com.unity.postprocessing/PostProcessing/Textures/BlueNoise64px/LDR_LLL1_23.png using Guid(bfe953600e8fb1849a804ee08ace7b4c) Importer(815301076,1909f56bfc062723c751e8b465ee728b)  -> (artifact id: '46e91bc16ac017a59e5d67de014f4069') in 0.038334 seconds 
  Import took 0.048719 seconds .

========================================================================
Received Import Request.
  Time since last request: 0.000490 seconds.
  path: Packages/com.unity.2d.path/Editor/Handles/Path/pointHovered.png
  artifactKey: Guid(eaa90b7bb801a1144b58c4926d95ad6a) Importer(815301076,1909f56bfc062723c751e8b465ee728b)
Start importing Packages/com.unity.2d.path/Editor/Handles/Path/pointHovered.png using Guid(eaa90b7bb801a1144b58c4926d95ad6a) Importer(815301076,1909f56bfc062723c751e8b465ee728b)  -> (artifact id: '911aabd5eaa851f0dea38e2b5518e7fa') in 0.038817 seconds 
  Import took 0.048973 seconds .

========================================================================
Received Import Request.
  Time since last request: 0.000454 seconds.
  path: Packages/com.unity.probuilder/Content/Icons/Toolbar/Pivot_Reset.png
  artifactKey: Guid(9e66b04a800d04546940b09710d86b8e) Importer(815301076,1909f56bfc062723c751e8b465ee728b)
Start importing Packages/com.unity.probuilder/Content/Icons/Toolbar/Pivot_Reset.png using Guid(9e66b04a800d04546940b09710d86b8e) Importer(815301076,1909f56bfc062723c751e8b465ee728b)  -> (artifact id: 'c3fc3b5b82276e58d7a8e2ed8d1e3feb') in 0.041047 seconds 
  Import took 0.050671 seconds .

========================================================================
Received Import Request.
  Time since last request: 0.000383 seconds.
  path: Packages/com.unity.probuilder/Content/Icons/Modes/Mode_Edge_Light.png
  artifactKey: Guid(d8b877e079e354f9282bff10c5e2d4b0) Importer(815301076,1909f56bfc062723c751e8b465ee728b)
Start importing Packages/com.unity.probuilder/Content/Icons/Modes/Mode_Edge_Light.png using Guid(d8b877e079e354f9282bff10c5e2d4b0) Importer(815301076,1909f56bfc062723c751e8b465ee728b)  -> (artifact id: 'cb1fd0b5508496d68300ffc116509c2a') in 0.041702 seconds 
  Import took 0.051360 seconds .

========================================================================
Received Import Request.
  Time since last request: 0.000501 seconds.
  path: Packages/com.unity.postprocessing/PostProcessing/Textures/BlueNoise64px/LDR_LLL1_26.png
  artifactKey: Guid(09f6c01f98a3ded4daf1afc52a3c260f) Importer(815301076,1909f56bfc062723c751e8b465ee728b)
Start importing Packages/com.unity.postprocessing/PostProcessing/Textures/BlueNoise64px/LDR_LLL1_26.png using Guid(09f6c01f98a3ded4daf1afc52a3c260f) Importer(815301076,1909f56bfc062723c751e8b465ee728b)  -> (artifact id: '3f52723c141016c1130890efabab9452') in 0.043215 seconds 
  Import took 0.054144 seconds .

========================================================================
Received Import Request.
  Time since last request: 0.000345 seconds.
  path: Packages/com.unity.render-pipelines.universal/Editor/2D/Resources/InspectorIcons/PointLight.png
  artifactKey: Guid(b3ab972b21db85d48ade9657efdd4771) Importer(815301076,1909f56bfc062723c751e8b465ee728b)
Start importing Packages/com.unity.render-pipelines.universal/Editor/2D/Resources/InspectorIcons/PointLight.png using Guid(b3ab972b21db85d48ade9657efdd4771) Importer(815301076,1909f56bfc062723c751e8b465ee728b)  -> (artifact id: '7352276b3799aa6805e22ca889b5b795') in 0.040067 seconds 
  Import took 0.049833 seconds .

========================================================================
Received Import Request.
  Time since last request: 0.000463 seconds.
  path: Packages/com.unity.2d.path/Editor/Handles/Path/pointNormal.png
  artifactKey: Guid(514bcbaba91a4704599b5b170200682a) Importer(815301076,1909f56bfc062723c751e8b465ee728b)
Start importing Packages/com.unity.2d.path/Editor/Handles/Path/pointNormal.png using Guid(514bcbaba91a4704599b5b170200682a) Importer(815301076,1909f56bfc062723c751e8b465ee728b)  -> (artifact id: 'e4d1497b3dc38810d56f279f2dc3c491') in 0.038149 seconds 
  Import took 0.048365 seconds .

========================================================================
Received Import Request.
  Time since last request: 0.000331 seconds.
  path: Packages/com.unity.collab-proxy/Editor/Collaborate/Assets/Icons/more-vert-light.png
  artifactKey: Guid(6232fff3dd732c24b810a139724ea7cf) Importer(815301076,1909f56bfc062723c751e8b465ee728b)
Start importing Packages/com.unity.collab-proxy/Editor/Collaborate/Assets/Icons/more-vert-light.png using Guid(6232fff3dd732c24b810a139724ea7cf) Importer(815301076,1909f56bfc062723c751e8b465ee728b)  -> (artifact id: '78acd8597f209e6f203434fa17482b88') in 0.042713 seconds 
  Import took 0.052440 seconds .

========================================================================
Received Import Request.
  Time since last request: 0.000425 seconds.
  path: Packages/com.unity.render-pipelines.universal/Editor/2D/ShapeEditor/Resources/Path/pointNormal.png
  artifactKey: Guid(f66f743b1d8e82f44a027852526a2b93) Importer(815301076,1909f56bfc062723c751e8b465ee728b)
Start importing Packages/com.unity.render-pipelines.universal/Editor/2D/ShapeEditor/Resources/Path/pointNormal.png using Guid(f66f743b1d8e82f44a027852526a2b93) Importer(815301076,1909f56bfc062723c751e8b465ee728b)  -> (artifact id: '883a90480d4453f0fc045388a385ad44') in 0.040025 seconds 
  Import took 0.050462 seconds .

========================================================================
Received Import Request.
  Time since last request: 0.000304 seconds.
  path: Packages/com.unity.probuilder/Content/Icons/Toolbar/Mode_Object.png
  artifactKey: Guid(3cfa89a4662de4f0898745f39286b955) Importer(815301076,1909f56bfc062723c751e8b465ee728b)
Start importing Packages/com.unity.probuilder/Content/Icons/Toolbar/Mode_Object.png using Guid(3cfa89a4662de4f0898745f39286b955) Importer(815301076,1909f56bfc062723c751e8b465ee728b)  -> (artifact id: 'e9cfd4c00ad223ae07c897bca89d7ee0') in 0.042526 seconds 
  Import took 0.051379 seconds .

========================================================================
Received Import Request.
  Time since last request: 0.000336 seconds.
  path: Packages/com.unity.postprocessing/PostProcessing/Textures/BlueNoise64px/LDR_LLL1_28.png
  artifactKey: Guid(02c0a84bd64c6f044954d8bde9b46ec8) Importer(815301076,1909f56bfc062723c751e8b465ee728b)
Start importing Packages/com.unity.postprocessing/PostProcessing/Textures/BlueNoise64px/LDR_LLL1_28.png using Guid(02c0a84bd64c6f044954d8bde9b46ec8) Importer(815301076,1909f56bfc062723c751e8b465ee728b)  -> (artifact id: '2f3e0c0b35d64a956d638fd1a8287418') in 0.039993 seconds 
  Import took 0.049344 seconds .

========================================================================
Received Import Request.
  Time since last request: 0.000345 seconds.
  path: Packages/com.unity.2d.path/Editor/Handles/Path/pointPreview.png
  artifactKey: Guid(1d3a30b709ec7b94ab8997b21eae5849) Importer(815301076,1909f56bfc062723c751e8b465ee728b)
Start importing Packages/com.unity.2d.path/Editor/Handles/Path/pointPreview.png using Guid(1d3a30b709ec7b94ab8997b21eae5849) Importer(815301076,1909f56bfc062723c751e8b465ee728b)  -> (artifact id: '76f014b2e7d56c2d9f7f1926ba3a85d1') in 0.040241 seconds 
  Import took 0.049078 seconds .

========================================================================
Received Import Request.
  Time since last request: 0.000416 seconds.
  path: Packages/com.unity.render-pipelines.universal/Textures/BlueNoise16/L/LDR_LLL1_26.png
  artifactKey: Guid(d18a24d7b4ed50f4387993566d9d3ae2) Importer(815301076,1909f56bfc062723c751e8b465ee728b)
Start importing Packages/com.unity.render-pipelines.universal/Textures/BlueNoise16/L/LDR_LLL1_26.png using Guid(d18a24d7b4ed50f4387993566d9d3ae2) Importer(815301076,1909f56bfc062723c751e8b465ee728b)  -> (artifact id: '6f88eb016cf18a79b7aac2c23216dff9') in 0.022676 seconds 
  Import took 0.031810 seconds .

========================================================================
Received Import Request.
  Time since last request: 0.000388 seconds.
  path: Packages/com.unity.render-pipelines.universal/Textures/BlueNoise16/L/LDR_LLL1_23.png
  artifactKey: Guid(10b6c6d22e73dea46a8ab36b6eebd629) Importer(815301076,1909f56bfc062723c751e8b465ee728b)
Start importing Packages/com.unity.render-pipelines.universal/Textures/BlueNoise16/L/LDR_LLL1_23.png using Guid(10b6c6d22e73dea46a8ab36b6eebd629) Importer(815301076,1909f56bfc062723c751e8b465ee728b)  -> (artifact id: '4467c8d8ab857f9de48d201dc0894ddf') in 0.023180 seconds 
  Import took 0.032593 seconds .

========================================================================
Received Import Request.
  Time since last request: 0.000363 seconds.
  path: Packages/com.unity.render-pipelines.universal/Editor/2D/Resources/PixelPerfectCamera.png
  artifactKey: Guid(7cba34d70552e144586a4d3ce4a33de5) Importer(815301076,1909f56bfc062723c751e8b465ee728b)
Start importing Packages/com.unity.render-pipelines.universal/Editor/2D/Resources/PixelPerfectCamera.png using Guid(7cba34d70552e144586a4d3ce4a33de5) Importer(815301076,1909f56bfc062723c751e8b465ee728b)  -> (artifact id: 'def963976f9624223dfe8a5f5ccbffbc') in 0.039780 seconds 
  Import took 0.050476 seconds .

========================================================================
Received Import Request.
  Time since last request: 0.000324 seconds.
  path: Packages/com.unity.render-pipelines.universal/Textures/BlueNoise16/L/LDR_LLL1_28.png
  artifactKey: Guid(ff47e5a0f105eb34883b973e51f4db62) Importer(815301076,1909f56bfc062723c751e8b465ee728b)
Start importing Packages/com.unity.render-pipelines.universal/Textures/BlueNoise16/L/LDR_LLL1_28.png using Guid(ff47e5a0f105eb34883b973e51f4db62) Importer(815301076,1909f56bfc062723c751e8b465ee728b)  -> (artifact id: '7418e8b77bbcd6288be2a61861407856') in 0.022653 seconds 
  Import took 0.032080 seconds .

========================================================================
Received Import Request.
  Time since last request: 0.000454 seconds.
  path: Packages/com.unity.render-pipelines.universal/Textures/BlueNoise16/L/LDR_LLL1_24.png
  artifactKey: Guid(a2ec5cbf5a9b64345ad3fab0912ddf7b) Importer(815301076,1909f56bfc062723c751e8b465ee728b)
Start importing Packages/com.unity.render-pipelines.universal/Textures/BlueNoise16/L/LDR_LLL1_24.png using Guid(a2ec5cbf5a9b64345ad3fab0912ddf7b) Importer(815301076,1909f56bfc062723c751e8b465ee728b)  -> (artifact id: '6203766da9ff77d16de16f2c76f04153') in 0.031706 seconds 
  Import took 0.041718 seconds .

========================================================================
Received Import Request.
  Time since last request: 0.000403 seconds.
  path: Packages/com.unity.probuilder/Content/Icons/Modes/Mode_Vertex.png
  artifactKey: Guid(3e5ae4e6aa24547218f481474fee55d4) Importer(815301076,1909f56bfc062723c751e8b465ee728b)
Start importing Packages/com.unity.probuilder/Content/Icons/Modes/Mode_Vertex.png using Guid(3e5ae4e6aa24547218f481474fee55d4) Importer(815301076,1909f56bfc062723c751e8b465ee728b)  -> (artifact id: '8d60563d1c055a0f13b2155aea33c10e') in 0.042201 seconds 
  Import took 0.052515 seconds .

========================================================================
Received Import Request.
  Time since last request: 0.000305 seconds.
  path: Packages/com.unity.postprocessing/PostProcessing/Textures/BlueNoise64px/LDR_LLL1_27.png
  artifactKey: Guid(bdd06fb88ef36ed4a85dd506352c2d80) Importer(815301076,1909f56bfc062723c751e8b465ee728b)
Start importing Packages/com.unity.postprocessing/PostProcessing/Textures/BlueNoise64px/LDR_LLL1_27.png using Guid(bdd06fb88ef36ed4a85dd506352c2d80) Importer(815301076,1909f56bfc062723c751e8b465ee728b)  -> (artifact id: 'c95dbe89fd113b0a9f926d4f4ecb6e6f') in 0.038172 seconds 
  Import took 0.046816 seconds .

========================================================================
Received Import Request.
  Time since last request: 0.000472 seconds.
  path: Packages/com.unity.postprocessing/PostProcessing/Textures/BlueNoise64px/LDR_LLL1_24.png
  artifactKey: Guid(32c6a5f7143b86c44bd5cdee2ff3f8ad) Importer(815301076,1909f56bfc062723c751e8b465ee728b)
Start importing Packages/com.unity.postprocessing/PostProcessing/Textures/BlueNoise64px/LDR_LLL1_24.png using Guid(32c6a5f7143b86c44bd5cdee2ff3f8ad) Importer(815301076,1909f56bfc062723c751e8b465ee728b)  -> (artifact id: 'c6f33b973cfddd2764e76b4d43742f46') in 0.038579 seconds 
  Import took 0.048693 seconds .

========================================================================
Received Import Request.
  Time since last request: 0.000482 seconds.
  path: Packages/com.unity.postprocessing/PostProcessing/Textures/BlueNoise64px/LDR_LLL1_25.png
  artifactKey: Guid(f4b8ab78b57749d4e96d36f6d8a395d0) Importer(815301076,1909f56bfc062723c751e8b465ee728b)
Start importing Packages/com.unity.postprocessing/PostProcessing/Textures/BlueNoise64px/LDR_LLL1_25.png using Guid(f4b8ab78b57749d4e96d36f6d8a395d0) Importer(815301076,1909f56bfc062723c751e8b465ee728b)  -> (artifact id: '3e15c3a232ff14528860409e92e97ec2') in 0.046379 seconds 
  Import took 0.055992 seconds .

========================================================================
Received Import Request.
  Time since last request: 0.000499 seconds.
  path: Packages/com.unity.probuilder/Content/Icons/Modes/Mode_Object_Light.png
  artifactKey: Guid(5983a109090b74768ae1ff37dd65b0c9) Importer(815301076,1909f56bfc062723c751e8b465ee728b)
Start importing Packages/com.unity.probuilder/Content/Icons/Modes/Mode_Object_Light.png using Guid(5983a109090b74768ae1ff37dd65b0c9) Importer(815301076,1909f56bfc062723c751e8b465ee728b)  -> (artifact id: 'b19f58331d6a5c9efba3c52b60fe57aa') in 0.039652 seconds 
  Import took 0.050015 seconds .

========================================================================
Received Import Request.
  Time since last request: 0.000314 seconds.
  path: Packages/com.unity.probuilder/Content/Icons/Toolbar/Pivot_Reset_disabled.png
  artifactKey: Guid(cc4d84aa3336c4f31ab4948641fffe9e) Importer(815301076,1909f56bfc062723c751e8b465ee728b)
Start importing Packages/com.unity.probuilder/Content/Icons/Toolbar/Pivot_Reset_disabled.png using Guid(cc4d84aa3336c4f31ab4948641fffe9e) Importer(815301076,1909f56bfc062723c751e8b465ee728b)  -> (artifact id: '3c9d6fd7f528a2dcea5104de0829c766') in 0.036475 seconds 
  Import took 0.044927 seconds .

========================================================================
Received Import Request.
  Time since last request: 0.000331 seconds.
  path: Packages/com.unity.render-pipelines.universal/Editor/2D/ShapeEditor/Resources/Path/pointHovered.png
  artifactKey: Guid(40985c36b6cc53f4a949889c3a3e2f90) Importer(815301076,1909f56bfc062723c751e8b465ee728b)
Start importing Packages/com.unity.render-pipelines.universal/Editor/2D/ShapeEditor/Resources/Path/pointHovered.png using Guid(40985c36b6cc53f4a949889c3a3e2f90) Importer(815301076,1909f56bfc062723c751e8b465ee728b)  -> (artifact id: '975ac513a8b6bb1e6c85040da553e8a3') in 0.036649 seconds 
  Import took 0.044956 seconds .

========================================================================
Received Import Request.
  Time since last request: 0.000413 seconds.
  path: Packages/com.unity.probuilder/Content/Icons/Toolbar/Mode_Vert.png
  artifactKey: Guid(550d1cbeeb52b4f8694139628f2604ef) Importer(815301076,1909f56bfc062723c751e8b465ee728b)
Start importing Packages/com.unity.probuilder/Content/Icons/Toolbar/Mode_Vert.png using Guid(550d1cbeeb52b4f8694139628f2604ef) Importer(815301076,1909f56bfc062723c751e8b465ee728b)  -> (artifact id: '8da2f4b57a9f4494f4f17a39dc01917d') in 0.038592 seconds 
  Import took 0.046866 seconds .

========================================================================
Received Import Request.
  Time since last request: 0.000356 seconds.
  path: Packages/com.unity.probuilder/Content/Icons/Modes/Mode_Vertex_Light.png
  artifactKey: Guid(4461d11690c974f94b55e0295c5274eb) Importer(815301076,1909f56bfc062723c751e8b465ee728b)
Start importing Packages/com.unity.probuilder/Content/Icons/Modes/Mode_Vertex_Light.png using Guid(4461d11690c974f94b55e0295c5274eb) Importer(815301076,1909f56bfc062723c751e8b465ee728b)  -> (artifact id: 'af59b8aacea910c0fd228d50912b255f') in 0.038493 seconds 
  Import took 0.046771 seconds .

========================================================================
Received Import Request.
  Time since last request: 0.000298 seconds.
  path: Packages/com.unity.collab-proxy/Editor/Collaborate/Assets/Icons/more-vert-dark.png
  artifactKey: Guid(3cf437657a48d3f4790401155e66704c) Importer(815301076,1909f56bfc062723c751e8b465ee728b)
Start importing Packages/com.unity.collab-proxy/Editor/Collaborate/Assets/Icons/more-vert-dark.png using Guid(3cf437657a48d3f4790401155e66704c) Importer(815301076,1909f56bfc062723c751e8b465ee728b)  -> (artifact id: 'b0a390916ff64f3c0563b0af707f1214') in 0.036987 seconds 
  Import took 0.045709 seconds .

========================================================================
Received Import Request.
  Time since last request: 0.000291 seconds.
  path: Packages/com.unity.render-pipelines.universal/Editor/2D/Resources/SceneViewIcons/PointLight.png
  artifactKey: Guid(e1feb27120f96ae4ea48e922cbfd93da) Importer(815301076,1909f56bfc062723c751e8b465ee728b)
Start importing Packages/com.unity.render-pipelines.universal/Editor/2D/Resources/SceneViewIcons/PointLight.png using Guid(e1feb27120f96ae4ea48e922cbfd93da) Importer(815301076,1909f56bfc062723c751e8b465ee728b)  -> (artifact id: '0b03e49576deecfdf6459979b446402f') in 0.042895 seconds 
  Import took 0.051467 seconds .

========================================================================
Received Import Request.
  Time since last request: 0.000371 seconds.
  path: Packages/com.unity.probuilder/Content/Icons/Modes/Mode_Object.png
  artifactKey: Guid(44c2e74132ee947c88b465f152dc430b) Importer(815301076,1909f56bfc062723c751e8b465ee728b)
Start importing Packages/com.unity.probuilder/Content/Icons/Modes/Mode_Object.png using Guid(44c2e74132ee947c88b465f152dc430b) Importer(815301076,1909f56bfc062723c751e8b465ee728b)  -> (artifact id: '43f9cd6f9704a04bcc52ba86483ab920') in 0.038358 seconds 
  Import took 0.046935 seconds .

========================================================================
Received Import Request.
  Time since last request: 0.000537 seconds.
  path: Packages/com.unity.collab-proxy/Editor/Collaborate/Assets/Icons/more-vert-dark@2x.png
  artifactKey: Guid(366c5b350c052f34aa6909c6563fb9e9) Importer(815301076,1909f56bfc062723c751e8b465ee728b)
Start importing Packages/com.unity.collab-proxy/Editor/Collaborate/Assets/Icons/more-vert-dark@2x.png using Guid(366c5b350c052f34aa6909c6563fb9e9) Importer(815301076,1909f56bfc062723c751e8b465ee728b)  -> (artifact id: '0f7738861f295afcd56870b65ad4092c') in 0.041526 seconds 
  Import took 0.051547 seconds .

========================================================================
Received Import Request.
  Time since last request: 0.000396 seconds.
  path: Packages/com.unity.probuilder/Content/Icons/Toolbar/Pivot_DirectEdit.png
  artifactKey: Guid(1fb428ccc95fd406e89e0777f619cf2d) Importer(815301076,1909f56bfc062723c751e8b465ee728b)
Start importing Packages/com.unity.probuilder/Content/Icons/Toolbar/Pivot_DirectEdit.png using Guid(1fb428ccc95fd406e89e0777f619cf2d) Importer(815301076,1909f56bfc062723c751e8b465ee728b)  -> (artifact id: 'fa9d6bfb81d54ef15f02baf75a6fbe3f') in 0.040613 seconds 
  Import took 0.049884 seconds .

========================================================================
Received Import Request.
  Time since last request: 0.000367 seconds.
  path: Packages/com.unity.render-pipelines.universal/Textures/BlueNoise16/L/LDR_LLL1_29.png
  artifactKey: Guid(fa042edbfc40fbd4bad0ab9d505b1223) Importer(815301076,1909f56bfc062723c751e8b465ee728b)
Start importing Packages/com.unity.render-pipelines.universal/Textures/BlueNoise16/L/LDR_LLL1_29.png using Guid(fa042edbfc40fbd4bad0ab9d505b1223) Importer(815301076,1909f56bfc062723c751e8b465ee728b)  -> (artifact id: '75871db91186b0683d366d4cb6115f71') in 0.028141 seconds 
  Import took 0.037769 seconds .

========================================================================
Received Import Request.
  Time since last request: 0.000305 seconds.
  path: Packages/com.unity.probuilder/Content/Icons/Toolbar/Mode_Face.png
  artifactKey: Guid(7f77ca82d147447829f8cf2f6b62c503) Importer(815301076,1909f56bfc062723c751e8b465ee728b)
Start importing Packages/com.unity.probuilder/Content/Icons/Toolbar/Mode_Face.png using Guid(7f77ca82d147447829f8cf2f6b62c503) Importer(815301076,1909f56bfc062723c751e8b465ee728b)  -> (artifact id: '24a7c58f3619255833cb27612b304073') in 0.035990 seconds 
  Import took 0.045247 seconds .

========================================================================
Received Import Request.
  Time since last request: 0.000375 seconds.
  path: Packages/com.unity.render-pipelines.universal/Textures/BlueNoise16/L/LDR_LLL1_25.png
  artifactKey: Guid(1c3c6d69a645b804fa232004b96b7ad3) Importer(815301076,1909f56bfc062723c751e8b465ee728b)
Start importing Packages/com.unity.render-pipelines.universal/Textures/BlueNoise16/L/LDR_LLL1_25.png using Guid(1c3c6d69a645b804fa232004b96b7ad3) Importer(815301076,1909f56bfc062723c751e8b465ee728b)  -> (artifact id: '26c70eaa3903e92c052c7437ee203315') in 0.022361 seconds 
  Import took 0.031760 seconds .

========================================================================
Received Import Request.
  Time since last request: 0.000317 seconds.
  path: Packages/com.unity.probuilder/Content/Icons/Modes/Mode_Face_Light.png
  artifactKey: Guid(3f77eeb57e96b47eea8a6ea060ccbfc4) Importer(815301076,1909f56bfc062723c751e8b465ee728b)
Start importing Packages/com.unity.probuilder/Content/Icons/Modes/Mode_Face_Light.png using Guid(3f77eeb57e96b47eea8a6ea060ccbfc4) Importer(815301076,1909f56bfc062723c751e8b465ee728b)  -> (artifact id: 'b14e039f36c8058ef8e092f4545b4a31') in 0.043213 seconds 
  Import took 0.052934 seconds .

